Equipment,Age
1160754,20
1023587,20
1088841,16
1149106,20
155974,17
1106265,17
1165849,2
1057436,18
109583,17
1011532,18
1027120,18
1160756,17
1102054,20
1159797,20
1055288,20
1145469,6
1020382,20
1125457,20
1021333,21
1152376,21
109477,21
1087201,21
1110511,21
1021318,21
1167056,2
1149943,18
1162396,18
1157533,18
1071942,18
1124654,16
1011492,16
1164109,3
1020651,19
1163927,19
108286,19
1097738,19
1152830,5
1138894,16
1026937,16
1153280,5
1158236,20
1152823,20
1158051,21
179931,20
1153088,22
1043849,20
1157576,4
1059698,22
1163593,23
1145766,21
1093564,22
1105519,17
1162422,17
1054014,17
1124527,17
1109820,17
1145739,6
1156895,4
1023696,16
1165584,21
1097770,21
1051395,2
1011366,18
1093651,18
1089094,18
1028441,18
1101705,16
1023563,16
1166398,3
1058852,19
1162008,19
1138933,19
1145587,19
1081797,5
112122,16
1011526,16
1005291,5
1101869,20
1101839,20
1060759,21
1126149,20
1145595,22
1145612,20
1154855,4
1149907,22
1164628,23
1074694,21
1092928,22
1166139,17
1154859,17
1103834,17
1161244,17
1033862,17
1150392,6
1078931,4
1037781,16
1098051,21
1020340,21
1020380,2
1102172,18
1028533,18
1094629,18
1019977,18
1079299,16
182668,16
1162619,3
1164757,19
1067015,19
1164777,19
1163765,19
1164029,5
1125660,16
1108096,16
1053448,5
1079298,20
1157140,20
1074753,21
1107692,20
1114195,22
1152848,20
1030537,4
1125435,22
1107707,23
1063660,21
1080616,22
1012937,17
1145194,17
201278,17
1027117,17
1149782,17
1020195,6
1145460,4
108415,16
1166415,2
1153117,5
1020135,16
1148991,21
1157368,19
180195,17
1013191,21
1164183,3
1013111,21
1097126,20
1113330,20
1057931,16
1014019,20
1023346,17
1014150,17
1097740,2
1020203,18
182675,17
1025661,18
1011371,18
1052390,17
1011721,20
108620,20
1125462,20
1056760,6
1153128,20
1026879,20
1164748,21
1030815,21
1159811,21
1163604,21
1026008,21
101850,21
1089761,2
1125415,18
1033280,18
1037266,18
1150394,18
1152377,16
1161946,16
1118991,3
1166335,19
1036294,19
1013791,19
1059829,19
1028501,5
1083650,16
1169476,16
1145677,5
1164480,20
1083224,20
1112489,21
1081352,20
1169478,22
1026915,20
1132695,4
1090481,22
1154890,23
1163767,21
1108020,22
1162439,17
1088962,17
110833,17
1043065,17
1158020,17
182634,6
1020676,4
1166068,16
1040730,21
1164002,21
1152827,2
1076281,18
1023636,18
1145427,18
1105257,18
1013319,16
1165981,16
1163801,3
1162195,19
1013453,19
1083379,19
101903,19
1052044,5
1098079,16
1153612,16
1163962,5
1054512,20
1036333,20
1020281,21
1013817,20
1068388,22
1036254,20
1040745,4
1132740,22
1139431,23
1103225,21
108480,22
1108718,17
1097726,17
1013854,17
1132691,17
1149479,17
1126165,6
1161116,4
1011575,16
1037256,21
1020404,21
1162595,2
1166070,18
1162678,18
1054759,18
108265,18
1031618,16
1013051,16
1079182,3
1056750,19
1161970,19
1126467,19
1101977,19
212716,5
1154628,16
1163980,16
1028547,5
1024047,20
1126296,20
1056743,21
1153987,20
1055569,22
1023061,20
1169470,4
211473,22
1027314,23
1069897,21
1083238,22
1088341,17
1111808,17
1158095,17
1011652,17
1052793,17
1166410,6
1019939,4
1073271,16
1072946,2
116691,5
1161666,3
1059681,20
1154467,20
1011153,16
1023438,20
1020378,17
1019993,17
1152375,2
1125781,18
1106313,17
1083990,18
1149779,18
158938,17
1020346,20
1087934,20
1161950,20
1013037,6
1164141,20
1023648,20
1020176,21
1084632,21
1037334,21
1159800,21
1026876,21
1138919,21
1023306,2
1115760,18
1082715,18
1058864,18
1159714,18
1138421,16
1101828,16
1046374,3
1021668,19
1131230,19
1153887,19
1021606,19
1162622,5
1159802,16
1097840,16
1163928,5
1097718,20
1038142,20
1087296,21
1084721,20
1028517,22
1162013,20
1097439,4
1122134,22
1145483,23
1124591,21
1085450,22
1153619,17
1034220,17
1027419,17
1078767,17
1114727,17
1086932,6
1165864,4
1125438,16
1036893,21
1056755,21
1053936,2
1086264,18
1157997,18
1076227,18
179877,18
1013651,16
1033365,16
1024581,3
109658,19
1125674,19
1013213,19
1033254,19
1161651,5
1060886,16
1153356,16
1163993,5
1160497,20
1034235,20
1045160,21
1164058,20
1156640,22
1166561,20
1063301,4
1023041,22
1138882,23
156966,21
1074705,22
1163983,17
1106339,17
1037774,17
112312,17
1152814,17
1088950,6
1021474,4
1156010,16
1163950,21
1145700,21
1167078,2
1098074,18
1014992,18
1132744,18
1013072,18
1166096,16
1125668,16
1159756,3
201315,19
1159783,19
158947,19
1156885,19
1023618,5
1059827,16
1084798,16
102205,5
1027396,20
1056749,20
1027819,21
1149938,20
1026667,22
1021539,20
1087549,4
1126105,22
1164023,23
1048675,21
1162380,22
1111477,17
1011227,17
1125468,17
1165977,17
1029532,17
1106337,6
1153279,4
184679,16
1100037,2
1162217,5
1108238,16
1036339,21
1138893,19
1106923,17
1162381,21
1027461,3
1125450,21
1013666,20
112425,20
1149210,16
108363,20
1099017,17
1085484,17
1060734,2
1012931,18
109178,17
1044591,18
1149183,18
1094313,17
1105625,20
1037329,20
1097806,20
1149156,6
1154573,20
102878,20
1129192,21
1166135,21
1156780,21
1033755,21
1145698,21
1105615,21
1108700,2
1138940,18
156972,18
1126197,18
1020410,18
1082540,16
1138427,16
1166021,3
1160500,19
1043064,19
1145709,19
1126301,19
1053496,5
1154899,16
1152603,16
1166852,5
1153114,20
1161074,20
1019968,21
1011861,20
1161092,22
165755,20
1126180,4
1097723,22
1153269,23
1153111,21
1079292,22
1106357,17
1013687,17
1111960,17
1023127,17
1160810,17
1045228,6
1156619,4
1162632,16
1165457,21
1074693,21
1156940,2
1106312,18
1060714,18
1156839,18
1166305,18
1089484,16
1013943,16
1166910,3
1163919,19
1124664,19
1045117,19
1097969,19
1013208,5
1145465,16
1020384,16
1028835,5
116754,20
1125657,20
1105817,21
1013335,20
1078411,22
1105529,20
1159805,4
1116418,22
1030787,23
1088964,21
1153862,22
1097810,17
1159761,17
1132723,17
1145767,17
1114187,17
1033655,6
1097830,4
1110222,16
1021453,21
1166787,21
1152374,2
116704,18
1048687,18
108541,18
1140351,18
1156883,16
1138912,16
1098077,3
1106328,19
1126391,19
120717,19
1156782,19
1129395,5
1021446,16
1132680,16
1154473,5
1023362,20
1164028,20
1053261,21
1021447,20
1161527,22
1162223,20
1165342,4
1026566,22
1166857,23
1055076,21
1046526,22
1027052,17
102753,17
1163651,17
1013960,17
1079281,17
1034045,6
1048690,4
1059724,16
1126237,2
1022158,5
1158002,3
1105818,16
1126385,8
1054027,18
1012950,21
1162256,3
1126258,10
1013766,21
106337,11
1019966,8
1022124,7
1020347,11
1154897,14
102114,15
1150423,8
1126821,6
1022958,6
1055084,11
1038462,13
1153324,5
1013101,21
1034219,5
1126097,6
180832,9
1150439,11
1156930,9
1145742,6
1165562,6
1058857,5
1132665,8
1165976,2
1154567,9
1159763,15
1053367,5
1097940,9
1010796,14
1166000,15
102872,11
1104544,14
1154865,11
1076277,12
1107016,6
1083441,5
1132640,7
1156912,15
1036253,10
1162755,12
1013947,13
1108010,14
1073344,13
146005,9
1036153,5
1083006,13
1160823,13
1164758,2
1081914,5
1060860,13
1118873,8
1020500,10
1132493,12
1162646,5
1089268,7
1149627,8
1154604,6
1084617,10
1107682,13
1097855,6
1105132,13
1127858,10
1021965,6
1097892,14
1162703,3
1154457,9
1021543,13
1063514,5
1014005,21
201311,10
1149972,10
1149222,9
1167014,2
1125723,8
1026811,21
1145694,13
1020283,14
1148518,9
1138951,7
1085933,6
1149746,6
1084485,8
1166588,2
107302,8
1165758,15
1010968,11
1162661,3
1094436,8
1106835,5
1164139,3
1145403,6
1107693,13
1150430,9
1028516,7
1157386,15
1108008,5
1094310,7
1082766,9
1154558,13
120723,10
1110370,14
1158015,15
1162684,3
1097665,8
1020691,5
1048685,9
1012991,21
201627,12
1088737,8
1087959,6
1013046,15
1156808,4
1138939,8
1093333,12
1156843,4
1036515,14
1125669,7
1087194,7
1158058,14
1074768,15
1154866,12
1161656,3
1037239,5
1125636,9
1013620,9
1011687,9
1158036,15
1165848,2
1166144,12
1152596,6
1129209,11
1023890,14
1045138,9
1045055,13
1153285,5
1163795,8
1052813,8
116851,8
1097600,14
1156768,8
112498,7
1159794,3
1161103,8
1166347,10
1132551,12
1059717,6
1045108,11
1156645,11
1023685,5
1010912,9
1156583,15
1139429,15
1094491,13
109365,14
1037425,21
1166255,6
1093549,7
1158056,4
1092558,12
1132682,13
201262,14
1111540,5
1163979,10
1123220,6
116861,11
1056737,6
1138937,8
1023593,13
1153473,13
1128836,8
1165532,7
1037424,12
1076287,10
1156939,10
1149916,14
1013128,21
1160493,10
1023001,12
1159725,11
1076218,10
1033356,14
1022982,15
1152593,5
1137303,10
108508,15
1048677,7
1094437,13
1157388,10
1105278,15
1055533,10
1038485,15
1124615,9
1105621,15
152394,9
1153882,8
1166835,5
1149199,14
1054013,10
1107686,13
1106822,13
1086005,7
1034997,14
1086455,10
1027989,13
1124677,5
1126167,11
1154447,10
1126054,14
1138921,7
1060736,10
1138959,14
1162191,5
1125440,6
1156830,4
1087403,5
1162721,6
1125423,12
1153278,5
1054195,12
1079287,7
1162009,3
1150385,13
1105279,8
1149147,6
1078665,6
1027384,13
1023686,14
1156770,4
1044815,10
108560,7
1150599,5
1020173,7
1053187,15
1165850,11
1020836,12
1159764,11
1060703,14
1060687,7
1022967,5
1035638,15
1158071,11
1150610,9
1022906,21
1028866,21
1040746,8
1107728,10
1125654,11
1153877,8
1054753,8
157603,8
1037115,9
1164172,5
1059764,8
1137545,11
1149462,14
1150251,8
1138942,13
1166256,12
1011155,7
1119006,8
1165757,8
152328,14
1123219,10
1028904,9
1112506,5
1056714,14
1027878,21
1150250,9
1078694,9
169633,13
1073249,15
1166218,7
1090542,5
1086022,6
1145489,13
1105653,13
1023425,21
1107687,5
1145242,10
1101965,15
1165985,2
1153876,10
1145504,13
1037212,21
1027168,7
1158007,9
1085535,7
1106925,11
1105800,8
1125732,6
1093588,7
1166354,15
1148996,10
1149253,11
1095661,15
1124559,11
1158102,8
1079290,10
1159724,6
1033640,8
1123066,8
1028433,10
1060743,5
1149757,6
1065192,7
1132536,9
1149255,6
1108228,6
1140335,15
1012253,11
1119361,6
1097814,12
1098990,15
1105242,10
1055001,6
1034650,8
1162017,6
1037248,15
1112521,9
1154565,14
1128668,12
212179,15
1166593,2
1157139,7
1157134,4
1104822,5
1148515,10
1039416,20
1033361,14
102077,6
179975,10
1166294,11
1154881,11
1132654,15
1023093,14
1089182,5
1028896,5
1140328,13
1156777,12
1052083,15
1132638,10
1097662,7
1105238,12
1105520,9
1089488,15
1083316,10
1105289,7
1094304,12
1011485,7
1011197,8
1023528,8
1157536,4
1055305,14
1097908,15
1044577,9
1106682,15
1046175,20
1164779,6
1159755,14
1158061,11
1162238,3
1052772,14
1126328,11
1076706,9
1111745,5
111968,15
1006723,22
1126243,12
1169472,9
1158037,6
1021329,11
1124563,15
1161072,12
1103841,10
1097796,12
1011714,9
1024529,5
1166957,2
1148997,7
1152384,9
1154549,14
1154446,15
1078751,7
1108013,6
1022819,5
1166351,7
1148543,12
1013065,21
1011144,5
1026185,13
1068403,15
1027026,11
1166860,2
1126329,10
1028456,5
1138943,11
1036299,10
1110513,8
1166846,15
1126029,8
1013982,21
1011256,5
1156806,4
103169,9
1165466,9
1028527,5
1154458,12
1138957,15
1020403,11
1162379,10
1107701,7
1160479,15
1156644,6
1098008,15
1045214,6
1159785,3
1094646,11
1125714,5
1013207,8
1126443,10
1020364,15
1149198,13
1078787,8
1149133,6
1101978,9
1026986,7
1102850,15
1153282,5
1036517,6
1116097,13
1115114,7
1154753,9
1105815,15
1125728,10
151035,6
1011301,22
1062590,19
1166409,6
1027414,9
1125465,14
1074688,7
1153856,8
1164769,2
1104827,9
1103835,15
1085957,10
180873,14
1148435,14
1166291,13
1126190,8
152341,11
1078320,10
111924,9
1156886,4
1097706,13
1012726,5
1099023,6
116742,14
1158101,8
1021710,9
1013556,21
1154559,7
1154588,15
1100073,14
1089893,5
1148548,5
1163899,3
1040739,20
1011848,6
109413,7
1162377,11
1051014,12
1112504,11
1027378,7
1107724,11
1162196,7
212159,14
1044277,8
1149467,9
1030617,13
1052799,14
1132644,6
1023695,6
1162401,7
1067954,19
1023884,10
1020833,15
1059763,13
1056753,13
1122441,7
1046152,6
1054165,12
1013060,21
1158024,7
1086487,8
1080272,10
1097843,14
1043825,11
1052844,8
223278,9
1150388,6
1056747,8
1058859,9
1160494,13
1025824,14
106710,15
1021631,6
1025425,11
1166121,10
1163981,5
1015421,8
1157965,4
1160492,5
1124540,8
1157522,4
1145470,12
1107988,8
1163995,7
1148509,6
116765,8
1026930,21
1149980,13
1162200,14
1154564,7
1154874,14
1157583,4
1087371,11
1012861,8
1028622,15
1023721,9
1124641,15
156963,17
1162357,7
1037275,21
1027509,15
1125747,15
109025,5
1079315,17
1138902,8
1166105,7
1046329,12
1150420,13
1145488,6
1083000,15
1164049,9
1054641,10
1015240,5
1021591,7
1132535,5
1125739,7
1166378,6
202272,14
1149205,12
1055013,15
1140352,11
1162612,9
1088752,13
1125401,7
1014097,21
1138946,6
1125449,12
1165558,15
1165749,6
1125463,5
1164487,2
1024525,5
1149473,8
1023560,6
1163967,12
1113402,8
1156787,5
1021674,5
1015025,21
1125431,10
1086410,7
1156913,6
116630,6
1029450,11
1162261,3
1020675,5
1059753,15
1164493,13
1084487,14
1011117,22
1153604,5
1055034,8
1024621,20
156962,6
1162729,12
1153600,5
1164773,9
1014015,21
179936,14
1145429,6
1161090,12
1030823,14
1150386,6
1113347,12
1045220,8
1041577,20
1097731,7
1158242,15
1026995,8
1108730,5
1162614,13
1014988,21
1149203,9
1027011,8
1161100,14
1116777,11
1021362,7
1074697,7
1098022,9
1021688,11
1013734,21
1102046,7
158945,5
1132586,14
1046377,13
1059735,15
1166140,12
1107992,8
1125434,14
1149234,6
1011529,7
1097736,8
1156942,11
1148813,12
1033368,11
1033772,9
1035961,12
1035669,6
1020036,11
1162617,8
1166009,5
112318,12
1149218,5
1084588,14
1099701,12
1152387,8
1093575,8
1080612,12
1011854,9
1076206,5
116743,15
1021750,14
1074770,9
1163942,9
1023553,15
116721,11
1138418,14
1075765,9
1104551,9
123277,12
1083244,15
111786,13
1068167,15
1124700,13
1038495,10
1166348,8
1028536,15
1163931,6
1161701,5
1058844,12
1074715,14
1020291,10
1013902,13
1152355,7
1165872,6
1108089,15
1164781,2
1011503,7
1165878,6
1162407,6
1021350,5
1060757,7
1166064,11
1104543,15
1116778,6
1138908,12
1067768,10
1167060,2
1125736,13
1011080,11
1162682,3
1045238,9
1101970,15
1086218,15
1057452,19
1084623,5
1166289,9
1098061,12
1145607,15
1074702,12
1054269,20
1044052,5
1162269,3
1060882,7
1012911,5
1052781,14
1132700,9
1129188,7
1129193,12
1105648,8
1108921,9
1132664,9
1033723,5
1159784,3
1156804,4
1022312,9
1034080,7
1021669,11
1101880,11
1055485,9
1166845,12
182662,15
1027186,5
1076207,5
1125692,5
1156698,14
1012943,21
1097955,5
1030828,9
1097773,6
1097827,5
1166590,2
1099011,7
1165469,8
1161133,8
1145496,10
1065679,19
1013467,21
1156018,5
156948,17
1161531,10
1125385,6
1097974,11
1027041,12
1084783,13
1098088,6
1156820,4
1074712,12
1157568,13
1012250,14
1163939,11
1150536,9
1149969,13
1162215,12
1119362,11
1020338,11
1154028,10
180852,6
1162395,11
1013863,9
1152865,6
1106327,8
1126342,9
1028556,14
180786,14
1163803,14
1117440,15
1153871,13
1153886,5
1059733,6
1125742,5
1010930,12
1152380,8
1106824,7
1162006,3
1023577,14
1063687,10
1162239,3
1162247,3
1163938,11
1028637,12
1100018,11
1088956,11
1010861,11
1033206,7
1107021,11
1153859,8
1100312,15
1097993,11
223282,13
1101886,15
1153110,5
1163911,3
1097670,10
182696,7
1164761,2
1106336,13
1045067,11
1020723,6
108455,7
1013607,21
1078773,14
1059760,13
1162212,15
1146466,5
1166847,8
1036341,21
1149756,5
1104549,8
1074766,13
1022969,11
1053941,20
1166013,11
1158227,12
1145760,15
1161185,7
1157380,4
1023566,15
1145740,13
1145682,6
1163937,10
1161229,11
1074747,15
156949,17
1098081,6
1166589,2
1125673,10
1054760,9
1157542,14
1039388,20
1011483,15
1013584,6
1078760,15
1162603,5
1162397,12
1166848,2
1118371,6
1087502,13
1011774,10
1013674,21
1019684,10
1076210,14
1059768,12
1154551,7
1021664,6
1097965,6
1108707,14
1014122,21
1154478,15
1056748,9
1077793,7
1125408,8
1021945,11
1164494,14
1149624,14
181010,8
1053378,5
1052771,14
1145200,10
1101889,5
1023029,21
1164020,5
1165884,9
1078497,15
1163780,11
1158060,4
1052404,9
1107718,13
1138935,12
1152874,5
1123048,9
1163609,3
1037075,10
1162722,6
1132693,11
1161947,3
1021673,10
1013024,6
1075755,17
1033357,8
1013044,21
1157543,4
1137968,14
1063773,10
1053928,6
1154917,9
1166842,14
1164784,5
1145400,8
1123059,13
1157546,13
102893,13
1060724,9
1026616,9
1164571,8
1020026,7
1060722,19
1160897,13
1110443,13
1023676,6
1150103,7
1097964,11
1097994,12
102816,15
1036283,14
223255,8
1156824,4
1052084,15
1111705,12
1161704,3
1101979,11
1034243,14
1138929,15
1166562,2
1068159,19
1094639,9
173127,13
1013906,7
1166106,9
1125432,11
1111687,7
1145468,6
1159787,3
1027152,13
1164093,3
1164762,8
1013412,21
1108097,10
1156015,5
1166198,12
109490,17
1078648,12
1031011,13
1107735,13
1052085,10
1149172,6
1163782,5
1011396,6
1055701,14
1139434,13
1149633,11
1029168,12
1097760,9
180085,12
1163601,3
1166788,2
1164113,8
1079302,12
1156013,5
1166179,11
1087955,15
1162591,13
1043817,5
1020168,14
1019663,9
1149770,6
1132553,10
111860,5
1158009,7
1164767,2
1013117,9
1125487,12
1058481,11
1045215,13
1011370,22
1019972,5
1162199,5
1138892,7
1088625,5
1145747,6
1161200,12
116363,5
1152347,13
1023382,13
1019963,6
1118937,6
1154030,15
1067857,11
1160499,12
1124276,8
1145411,6
1083482,11
1154594,13
1084714,12
1156611,11
1116100,14
212686,6
1043828,9
1086529,12
1107985,15
202569,14
1090480,14
1149359,5
1124507,14
1154486,6
1028624,9
1145201,15
180875,9
1097941,6
1154576,10
1116040,8
1031156,5
1027198,9
1033722,11
1078696,15
1079266,14
1055056,8
1033861,13
1152349,10
1158045,13
1097893,7
212735,9
1132714,8
1074745,5
1158070,4
1149939,13
1164498,13
1157990,4
1060883,9
1108003,13
1109972,6
1160752,10
1014175,21
1045235,15
1162616,5
180044,10
1084179,7
212445,5
1164489,2
1162219,15
1030831,8
1100265,15
1033753,14
1159767,15
1087405,5
1074689,11
1153083,5
1150538,13
1145705,14
182674,12
1161084,13
1028806,12
1162688,3
1132601,10
1011440,14
1157374,13
1045100,7
1145754,9
1058854,13
1011570,13
1014144,21
1020358,6
1056764,7
1030654,8
1083239,6
1108693,12
1161984,14
1164618,13
1033763,5
1076280,11
1045216,9
1048681,7
1166057,2
1023573,5
1081140,11
1052814,6
1140384,13
1077546,6
1023559,8
1161533,10
1150593,15
151450,7
1011214,13
1149752,14
102340,10
1011697,8
1156896,4
1023247,10
1023850,5
1154462,8
1106338,12
1068409,9
1145584,6
1154747,9
1159789,3
1145697,9
1080263,7
1125659,15
1037083,8
1125664,14
1055401,7
1154472,14
1041467,13
1045232,12
1101487,8
1161987,12
1014865,21
1081710,15
1094312,10
1164034,10
1157952,4
1026590,10
1059740,10
1153268,5
1148546,12
1106694,13
1125737,8
1126209,7
100452,8
1108006,13
1165464,8
1014195,21
1012929,21
1125034,15
1164130,3
1154800,15
1145715,8
1052782,15
1086511,13
1145642,6
1162257,3
1097784,5
1164754,11
1098116,15
1027852,9
1083109,13
1011346,11
1125701,7
1164723,2
1125528,7
1094512,11
1097682,6
1110298,14
1084494,6
1076226,10
1167072,2
1055577,5
1026979,15
1089028,10
1053269,6
1164629,12
1111125,7
1161542,14
1156952,10
1080284,9
1105530,11
1078223,14
1132690,5
1107521,6
1125413,7
1035113,14
1013174,21
1156922,13
1124534,7
113817,13
1100268,15
109498,8
1021686,14
109492,17
1043216,6
1082945,11
1060893,10
1031002,8
1107517,10
1022959,9
1085975,10
1052779,10
1154451,7
1026929,15
1030343,12
1094301,14
1102851,13
1052842,15
1079310,7
1124646,9
1154836,5
1080617,7
1048684,7
1132555,8
1125716,10
1156918,9
1045085,10
1162621,7
1164760,9
1149146,6
1166836,8
1156924,6
1089895,12
1037274,9
1013570,21
1153895,5
1161089,11
1158040,12
1053045,6
1162355,9
1074725,7
1059805,7
1158018,12
120725,10
1105285,11
1013184,21
1167050,2
1163650,15
1089732,8
1010958,15
1063298,12
1161981,13
1124689,11
1059866,15
1021540,11
111974,13
1122882,15
1052785,12
1100787,8
1124687,5
1084592,10
1074683,5
1164501,14
1098114,10
1149371,15
1083183,12
1108723,8
1160945,11
1033849,8
1163996,3
1138945,11
1084294,14
1161530,7
1149163,6
1101871,6
1157141,4
1157956,4
1036290,12
1034212,13
1164471,12
1165481,7
1153878,11
1150381,13
1149187,12
1103266,5
1014191,5
1162710,6
1162711,13
1149759,6
1145610,6
1118443,11
1123112,12
1021807,21
1166420,2
1029630,12
1052835,7
1091928,11
1149166,6
1013289,21
1059757,7
1011444,15
1026821,13
1114728,13
1126186,12
1164500,6
1138955,15
1050131,20
1027312,7
1079141,13
1054742,5
1149227,5
1105251,13
1052836,11
1094129,8
1011079,14
1078471,6
1020379,21
1149771,6
1027003,7
1021408,11
1104553,9
1079030,15
1154455,12
1090350,8
1103825,13
1161693,10
1165525,10
1112493,8
1126178,13
1033646,6
152318,5
1118640,8
1162387,14
1043841,6
1166474,2
106310,6
1027220,8
1097837,15
1160498,15
1154014,9
1105802,5
1166834,2
1097651,7
1084635,14
1013969,7
1153151,13
1154605,15
1063575,12
1013157,21
1164032,10
1081173,5
100312,14
1110542,13
1110670,5
1037398,7
1162714,11
1023039,12
1132703,11
1013216,21
1153873,12
1161128,15
1166195,9
1013419,21
1153149,15
1092821,12
1166085,11
1158106,14
1150253,12
1097712,14
1153318,12
1094124,14
1083253,7
1140420,11
1149912,8
1162214,12
1164176,5
1028505,21
1153368,11
1161248,6
1074699,14
1111750,12
1089754,10
1159801,3
1037137,13
1022001,10
1087410,7
1058842,14
1012970,21
1022196,6
1157957,4
1083378,13
1011238,10
1053200,13
1157133,4
1163989,9
1097766,5
1126207,5
1058870,13
1082696,5
1028635,6
1011787,5
1116374,11
1125043,8
116561,14
1154538,5
1030555,13
108454,15
1107752,15
1020708,9
1097818,12
1158103,5
1033618,13
1098000,9
1087400,11
1083001,15
1152815,6
1154540,10
1110500,8
1111963,11
151117,13
1159806,3
1111562,7
1149944,6
180791,9
1071955,18
1108012,13
1166461,13
108633,12
112331,12
1162691,15
1124636,15
1149971,7
1158003,13
1036936,8
1166058,9
1138949,9
1166325,5
1159753,14
1166072,13
1022918,9
1163904,6
1126069,8
1078758,11
1105796,13
112491,14
1013346,21
1107989,9
1043844,6
180051,11
1123223,9
1158229,14
1116775,14
1098105,5
1054754,7
1053450,7
1126119,15
1101831,14
1053178,7
1088940,14
1098984,5
1014153,21
1088564,13
1051061,6
1097603,10
1129990,14
1166269,11
1083250,14
116302,13
1087409,12
107308,6
1165746,13
1102174,8
1109880,9
116766,5
1037331,7
1035632,11
1165883,2
1011661,15
1015026,7
1097943,9
1013185,15
1160501,8
1023063,14
1129399,12
1159750,15
1013477,5
1148490,9
1011423,12
1150437,10
1105245,15
116576,8
1162350,15
1108236,14
1163901,5
1162686,3
1034056,13
1042321,9
108188,15
1054999,13
1125649,5
1156774,13
1164120,3
1097930,13
1156932,12
1150652,12
1045102,13
1125640,5
1116618,12
1166327,14
1157539,4
1125752,15
1011118,9
1122892,6
1105794,9
1020713,11
1162668,10
1163921,7
1041573,20
1145737,6
1138948,6
180120,13
1028450,5
1055415,8
1132494,9
1084624,5
1026279,12
1148438,10
1148503,15
1165870,9
1152881,6
1165871,7
1153109,5
1033771,6
1097614,14
1028535,5
1022898,21
1023596,7
1163815,10
1021480,9
1083222,6
1166566,2
1126822,11
1028619,21
1026968,10
1022917,8
1081144,12
1036288,8
1015980,11
1149192,13
1162734,14
1048549,9
1023163,21
1154399,14
1043837,5
1087974,7
1145353,8
1166158,10
1145241,9
1124665,6
1108237,14
1149241,10
1149924,10
1169471,13
1161945,3
1157516,14
1029395,6
1091429,8
1162011,3
1012919,6
1027870,15
158927,14
1023555,6
1036292,15
1162402,7
1161997,13
1124602,13
1154016,10
1037132,7
1039400,15
1106342,13
1157534,4
1166858,13
1167085,2
1045290,5
1126211,9
1074746,14
1158246,13
1045118,14
1024043,15
1162218,9
1029559,15
1152364,8
1086959,15
1153613,5
1021572,6
1149364,15
1159754,7
1097598,14
1157988,4
1013274,21
1165462,6
1037211,10
1097757,8
1107722,13
1105244,11
1065189,9
1026721,12
1080938,9
1161114,10
1149773,15
1154020,9
115874,15
1036180,10
1138880,5
1163818,7
1160495,7
1145363,11
111963,6
1164105,3
112137,17
1013932,21
1011471,14
1161077,13
1103840,14
1156849,5
1089001,15
1150101,13
1086052,7
1013413,13
1020409,7
1020673,15
1154592,15
1110110,15
1101703,7
1156702,5
1087951,5
1156593,14
182659,11
1165876,5
1080282,12
1081373,13
1011107,22
1161660,3
1164199,3
1161249,8
1023283,21
1014853,21
1072943,13
1166136,14
182693,12
1023405,21
1026494,7
1149769,6
180156,5
1154542,6
1097739,5
1060731,6
1094465,14
1164751,5
212694,9
1037422,5
1162385,14
1165468,6
1084500,13
1054755,5
1166783,2
1161994,6
1022825,11
1054626,7
1160819,15
1148505,9
112327,7
1166116,11
1154026,12
1126159,7
1150526,11
1079303,8
1161223,13
1163953,15
1154849,5
1013375,21
1045693,5
1168869,10
1084723,15
1011805,9
1152878,14
1156894,4
1161073,6
1083232,11
1111783,6
1058849,6
1148437,11
1094128,10
1013895,21
1163591,14
1164774,11
1043212,7
1052780,13
1083237,9
1154459,14
1010843,22
1166147,8
1150618,9
1097788,14
1108019,12
1138888,10
1125738,13
1028427,21
1027267,12
1125394,9
1166407,11
1054271,9
1079271,13
1165343,2
112510,11
1166458,11
1013831,21
1097733,7
1154852,13
1013329,21
1166192,13
1166059,2
202512,7
1158000,8
1105619,11
1097971,10
1104542,11
1154025,11
1027404,12
1157574,4
1148532,13
1164478,13
1026909,8
1077802,15
1159786,3
1100799,14
1014219,21
1013704,21
1156943,10
156958,11
1099699,8
1166011,10
1026624,12
1081026,15
1013953,21
1105282,15
1097858,10
1021444,13
1159812,3
1020201,13
102172,11
1078783,6
1167061,2
1005513,22
1092930,12
1080798,11
1037231,10
1161650,3
1080608,15
1166073,5
1025252,13
1159790,3
1089500,6
1152341,12
1148567,5
1011770,12
1058868,12
1157991,4
1154850,5
1153383,6
1165745,9
1163606,10
1097684,8
1020169,5
1091938,13
1013773,21
1044571,20
1161707,7
1027121,10
1015004,9
1157969,4
158930,9
1027479,13
1060744,9
1149131,6
1145413,6
1132647,9
1149148,6
1165546,7
1026697,13
1124693,9
1097905,8
1053377,15
1043934,7
1019954,12
1054331,12
1162254,3
102565,8
1034660,10
1060864,12
1162605,6
1163903,3
1067859,7
201287,6
1161648,3
1161125,12
1020568,9
1088941,11
1126465,8
1103815,15
1011680,12
1028627,6
100268,8
1165534,15
1125409,6
1162197,7
1074684,12
116310,5
1114196,11
1125682,15
1165853,15
1030028,12
1011070,6
1022900,21
1098073,11
1019634,6
1067858,12
1033863,9
1012252,10
1083141,10
1093371,15
1036657,7
109561,11
1055077,20
122156,11
1011650,9
1116371,8
201181,6
1026735,21
1166376,2
1054743,12
1164771,14
1162210,6
1164775,13
1011363,7
116590,10
1164741,2
1054367,5
1163605,3
1166352,10
111820,9
1132605,11
1005525,7
1150533,6
1164104,9
116762,14
1011382,15
1020334,21
1125396,8
1026892,11
1161539,11
1022912,21
1031610,8
1164495,7
1132531,15
1107683,6
1093565,5
182654,9
102432,10
1094474,12
1145750,6
1132508,11
1156604,9
1154503,5
1052827,11
1162410,10
1024642,21
1166168,13
1011178,10
1059755,11
1060881,14
1161521,7
1097874,5
1098035,7
1166328,6
1094518,13
123091,8
1028499,10
1054752,8
1154500,14
1153986,8
1048672,13
1158035,13
1055015,15
1150591,10
1107997,13
1162720,14
1162713,12
1100803,11
1116779,10
1051454,20
1052800,11
1026537,5
1156822,4
1161101,10
1091670,14
1118397,12
1149977,12
1080287,5
1053185,7
1161936,3
102978,14
1021729,13
1014999,21
1166191,15
1107479,15
1153327,8
1109955,6
1140334,15
1023797,14
113318,7
1048671,10
122397,8
1148557,6
102755,8
1161988,10
1166969,2
1162022,15
1086503,8
102450,15
1084204,10
1167080,2
1159799,3
120613,11
1105270,5
1107704,9
1023663,13
1149226,15
1132507,6
1056741,14
1020672,8
1013389,21
1013361,21
1033287,13
1023515,11
1058871,12
1163769,14
109574,8
1145422,6
1124669,7
1156891,4
1132727,13
1074724,6
1132532,13
1054017,10
201144,17
1166049,9
1154906,12
1097899,8
1034036,14
1149774,12
1163988,14
1166408,13
1138424,12
1138934,5
1074769,15
1138974,14
201279,11
1162774,14
1100317,15
1023879,9
1097831,9
1066840,19
1145202,6
1060756,10
1034042,10
1020146,14
1020344,10
1156637,8
1149224,5
1154797,10
1073333,8
1068426,11
1105807,10
1110026,13
1145323,13
1012941,21
1126300,6
1094644,14
1156934,14
1036508,21
1162264,3
1023554,12
102059,12
1098020,12
1043814,9
1079307,12
1071935,18
1125418,7
1166962,2
1011312,13
1056715,7
1028058,5
1152805,13
1152822,5
223276,9
1160476,14
1097829,9
109481,17
1026692,14
1156821,4
1059824,7
1149635,15
1125471,6
1020839,6
1097980,9
1152810,14
1076278,8
1098310,10
1149345,5
1053199,14
1138941,6
1138901,10
1059716,5
1107706,6
1082604,9
187203,16
1059954,10
1085539,13
1165846,12
1034046,13
1162436,3
153092,11
1138906,14
1053374,7
1033216,10
1145693,7
1156597,15
1023167,5
1023538,13
1154908,5
1154901,6
1079304,10
1108007,12
1126098,8
1145691,8
1126035,7
1158030,9
1097885,7
1126250,6
1083229,9
1116981,5
1030694,8
1059864,7
1145743,13
1014148,21
1107702,13
1138960,7
1011426,7
1166434,5
1020730,15
1152354,10
1166353,9
1145369,5
1153086,5
1156574,5
1149911,5
1104820,6
1149367,6
1149477,14
1165586,12
1092744,10
1011136,14
1074711,6
1014059,8
1160478,12
157630,10
1145734,8
1162935,13
1087395,7
1011229,8
1138004,9
1080275,13
1108000,13
1162202,13
1019655,10
1013165,21
1014934,8
1014186,21
1158096,15
1056754,8
1138883,6
1164086,3
1078771,15
1166419,15
1055004,14
1037267,12
1011755,6
1028513,7
1107714,13
1052816,5
1125777,10
1162372,6
1164496,8
1013110,21
1156889,4
1150612,10
1167010,2
1030571,15
1045224,11
1068391,10
1108004,6
1020838,13
1023275,21
120715,11
1125778,5
1084293,15
182660,12
1023572,6
1023320,21
1125042,13
1150603,7
1154739,10
1089709,7
1164103,3
1165847,15
1138903,10
201522,15
1098064,9
1166422,5
1105262,11
1145368,14
1114185,10
1054679,15
1097984,9
1036337,21
1166850,2
1106685,14
1030248,10
108301,5
1153625,5
1126113,8
1165461,14
1053351,20
1156951,5
1164085,3
1045784,20
1079283,17
1162635,14
1105811,6
1123658,15
116761,12
1021605,10
1097812,12
1160544,10
1094094,12
1054111,9
1163963,3
1157131,4
1023683,13
1149370,12
1162705,3
1087542,10
1164490,2
1037392,12
1015338,8
1132590,5
1044993,20
1163920,6
1059801,12
1149630,14
1020363,5
1065176,15
1034215,5
1089205,9
1023575,5
1116585,8
1100041,12
1020182,15
1038489,6
1149785,6
1060892,6
1124637,8
1065288,11
1152882,8
1156831,4
1094617,10
1138975,9
1164173,11
1097938,7
1104823,13
1091687,14
1011556,13
116305,12
1045107,8
1082822,16
1159792,3
1085775,15
1118395,6
1162209,12
1094528,9
1011782,9
1114725,15
1105248,8
1104547,7
1153896,5
1023145,21
1107979,11
1013799,21
1164131,3
102063,11
1157949,4
1056721,14
1150613,6
1014008,21
1014168,14
1023373,9
1152818,5
1153478,14
1081821,17
1060740,13
1023339,21
1125658,12
1022951,21
1162664,3
1164128,3
109716,9
1115758,8
1122876,15
1101432,13
1034217,10
102981,14
1086501,14
1005126,13
1057334,14
1164732,2
1153894,5
1097646,15
1123102,6
1097986,6
1037133,8
1015206,8
1165861,8
1138412,9
1156641,6
1118545,9
1053376,12
1161726,15
1166012,5
1111190,5
1013879,21
1098107,8
1083611,15
1124531,10
1161256,8
1023717,15
1052792,6
1058229,8
1149786,6
1149128,6
151480,12
1014146,21
1166313,6
1161523,13
1099018,8
1106698,13
1125721,11
1083321,8
1132668,11
1055282,13
1036939,12
1165856,8
1125478,7
102793,10
1105277,14
1015009,13
1020333,15
1086558,8
1145417,6
1074706,8
1105617,5
1020290,10
1011438,6
1091689,10
1052776,9
1166934,9
1149945,13
1098037,6
1161095,15
1154759,7
1013230,21
1023708,7
1153892,5
102321,13
1023516,11
201501,14
1101563,11
1161107,8
1126230,5
1078781,12
1013792,21
1084302,8
1074704,9
1149369,6
1165747,14
1023670,12
1011748,15
1129172,6
1107077,14
1089776,5
1065211,9
112526,12
1094652,11
1132663,9
1076208,11
1054749,10
1076540,5
1165460,13
1154596,5
1126402,9
1013560,21
1084498,15
1118758,15
1034655,12
1013222,13
1078324,12
1034721,21
1163990,3
1097693,14
1125746,7
1154882,11
1097701,8
1125212,10
1164220,15
1153296,9
1162611,15
1013232,8
1027429,11
1077547,5
156960,17
1013084,21
1023412,21
1053349,20
1097845,6
1165551,11
1021640,21
1163933,14
1126412,13
1013870,5
1162375,3
1054160,8
1154502,5
1076283,15
1027070,8
1074710,15
1164045,10
1020690,8
1160755,6
1122870,11
1108087,15
1027255,5
1078785,6
103199,14
1011037,12
1166281,7
1078761,6
1166314,14
1023664,8
1166046,9
1139432,5
1025644,12
1125479,13
1149169,6
1014147,21
1159766,11
1028503,21
1054154,6
112342,10
1093372,12
1083234,10
1113622,15
1106335,13
1007734,14
116645,14
1026488,12
1149238,7
1082771,7
1011053,13
1065194,11
184641,15
1097711,13
1068382,13
1026996,9
1013682,21
1105643,10
1080842,15
1013233,21
1118326,6
1081765,5
1154013,9
1104552,8
1055697,6
1166119,13
1149152,6
1157517,4
1104559,12
1107501,8
1138881,9
1164481,2
1097674,14
180935,7
1020726,14
1056732,10
1033363,13
1048688,7
1162023,13
1055696,8
1034203,6
1125677,14
1132534,6
1161113,11
1020697,9
180004,13
102686,5
1089834,11
1014132,21
1166862,15
1145501,9
1054029,9
1125644,12
1119513,15
1156904,12
1036272,9
1023326,21
1034647,6
1078762,10
1122450,10
1167206,15
1125477,11
1089176,11
1028534,21
1149182,6
112341,6
1081168,13
1011016,14
1149209,13
1078784,7
1145389,12
1053340,20
1013630,11
1013737,5
1097617,15
1104550,7
1166976,2
1083215,5
1028431,21
1157130,4
1166438,2
1052845,7
1028900,8
1145710,11
1158052,14
1126410,8
1101887,13
1091668,14
1111772,9
116744,12
112512,7
1087368,7
1011143,6
156956,6
1125681,7
1074708,9
1029887,7
1026548,9
1154597,11
1105131,14
1094478,9
112200,13
1138425,9
1126361,15
1165550,14
1125443,6
1149919,7
1156814,4
1029322,5
1011057,15
1021687,5
1011187,11
1045104,9
1157378,6
1079484,9
1081921,5
1087175,7
1020189,7
1026595,7
1083255,5
1085992,6
1011234,10
1054015,8
1108094,11
1166228,11
1157132,4
1162204,10
1161060,10
1162369,6
1051123,11
1162596,8
1166263,11
1105803,6
1162660,3
1124681,7
1125442,8
1145450,12
1082705,12
1125651,8
1154566,7
1145436,6
1105639,5
1154585,9
1158240,15
1162394,13
1156019,5
116737,7
1086495,14
1162696,3
1014928,13
1113341,8
1110195,8
1026446,15
102218,6
1098997,8
1023305,21
1154586,8
1040728,20
1161986,14
1097958,6
1074733,6
1024042,7
1043213,8
1038596,6
115646,6
1086483,11
1076230,6
1156014,5
1145625,6
109343,14
1097826,11
1014888,12
1132500,12
1159807,3
1023394,7
1152334,12
419580,11
1043936,9
1097732,15
1162002,10
1023578,12
1097957,6
1055286,5
1005138,6
1125454,10
1063778,5
1011535,9
1033242,15
1153082,5
1156793,4
1122453,14
1074741,6
1111707,7
1125683,13
1037273,10
1045230,7
1107085,7
1164736,2
1011042,13
1020137,9
1154550,11
1132622,9
1014090,21
1126427,5
1013183,21
102639,12
1076205,8
1078243,12
1166595,2
1166418,10
1106853,13
1153344,14
1079300,17
1082592,5
108509,17
1105633,10
1107719,6
1165459,13
1013417,21
1084307,15
1087674,7
1021386,6
1055534,5
1156947,10
101638,13
1080281,7
1098080,15
1013926,21
1080615,15
1097793,13
1153611,5
116764,9
1020349,6
1160746,12
1148555,13
1165585,6
1163358,5
1013587,14
1080611,13
1087603,6
1083324,15
179706,6
1149940,11
1129397,5
1149366,7
1164119,3
1014155,21
1102166,14
1156917,9
1154887,9
1027257,11
1150528,11
1166310,9
1166557,2
1023220,21
1105810,14
1073287,11
1125653,8
1153081,5
1056716,15
1020273,6
1108078,7
1165973,2
1165567,7
1028515,13
1013966,21
1158225,7
1154485,12
1029504,15
1126246,7
1094535,13
1046159,9
1027193,21
1163925,7
1102855,12
1102072,6
1093578,7
1097962,15
1161082,5
1145772,12
1097677,6
1074755,6
116545,15
1123058,13
1083212,7
1165851,8
1154907,5
1023661,7
1116754,14
1057323,13
1107731,9
1029797,14
1163961,8
1063774,19
1154484,14
1046162,9
1028620,10
116367,13
1089267,10
1148569,12
1019662,13
102590,5
1125725,9
1037246,5
1161700,6
1068574,10
116735,11
1045218,5
1053015,13
1148508,12
1116990,15
1082743,5
1154914,14
1052837,8
1165742,12
1061492,15
1060876,8
1011167,12
1107993,6
1023707,6
1043836,13
1126087,6
1076224,14
1160758,6
1097679,11
1020166,6
1026745,5
1152845,12
1154888,5
1162388,6
1039396,12
1074681,6
113314,6
1014010,21
1024044,6
1166459,15
1026500,5
1148992,14
1101856,14
1156813,4
102889,13
180783,5
1060704,15
1097828,12
1140376,6
1154482,5
1166274,12
212160,15
1028546,6
1164766,2
1010782,8
1046611,10
1138895,12
1164181,3
1033706,6
1013201,21
1158025,12
1164116,3
1166020,2
1106311,14
1110628,9
1125453,12
1108674,6
1094624,14
1164076,3
1126423,8
1152576,5
1165593,10
1030688,5
1165517,12
1055705,10
1023404,21
202517,6
1145645,12
102646,15
1154553,7
1039380,14
1060766,6
1051110,15
1067789,12
1013030,11
1098066,7
1159760,10
1167093,7
1088532,10
1013878,21
1055278,15
1076439,5
1013285,21
1162016,8
1149950,12
1154557,13
1059803,12
1020028,9
1149949,13
1021712,10
1016367,8
1106325,10
1164739,2
1020688,9
1166132,6
1048578,14
1164738,2
1154593,12
1162248,3
1028544,13
1166497,14
1057953,12
1021537,8
1045842,9
1045057,10
1078953,8
1013291,21
1089894,11
1132512,13
1011578,6
1156801,4
1156700,13
1089238,13
152252,7
1165869,15
1023432,21
1023681,15
1022310,10
1161993,10
1123100,9
1023190,21
1107697,15
1126235,7
1148995,5
1033354,15
1097613,9
1086237,5
1153283,5
1116045,10
1132610,10
1166018,15
1019965,9
1023143,21
1026530,6
1166468,12
1094586,5
1164051,3
116828,8
1040742,20
1166495,10
1153867,14
1042322,7
1165867,9
1033218,5
1102167,6
1011401,13
1107022,6
1125648,10
1154548,15
1145472,13
1150255,5
1153614,5
1165868,11
1027173,5
1026980,14
1111046,8
1162378,13
1105637,13
1013353,21
1157953,4
1149134,6
152665,7
1052798,14
1125715,7
1097790,10
1161665,3
1111560,10
1164720,15
1084446,12
1166153,13
1164749,8
1124644,9
1085779,10
1118425,11
1055494,11
1097750,12
1126295,6
1086029,5
1154404,7
1022994,10
1023504,15
112313,15
1058732,5
1118656,7
1145729,6
1125486,9
1149137,6
1157387,11
1157519,4
1011192,10
102451,7
1013474,21
1025648,5
1058869,13
1145497,6
102092,6
1149463,7
1076225,12
1034058,12
1156773,14
1124610,9
1045451,15
1022820,10
1013619,21
1158243,4
1166854,11
1010929,10
1048676,5
111937,7
1005290,5
1150651,6
1087374,5
1162675,3
1104819,5
1159803,3
1162727,6
1148572,15
1021966,15
1023564,10
1162689,3
1053797,7
1113414,8
1162732,8
1052805,12
108345,9
1068434,5
1107207,6
1087541,12
1164054,13
1036503,21
108275,7
1076211,12
1126227,6
1013602,21
1015020,12
1159759,5
1030816,5
1123227,6
1081133,10
1166126,14
1097746,15
1012967,21
1162643,11
1154742,15
1013239,21
1148552,6
1159791,3
1107698,7
1074754,9
1099008,11
1164219,15
1163922,9
1076204,6
1158104,10
1059746,12
1154921,14
1161995,11
1033362,11
1078772,8
1052839,20
1053443,13
1054625,5
1011212,10
1123056,13
1166280,8
1124620,6
1158044,6
223288,5
1132653,15
1052784,14
1097807,15
1150639,8
1165865,2
1162014,5
1145401,6
116862,8
1052840,7
1154023,10
151191,11
1150257,12
112338,10
1026259,11
1153320,5
1011613,14
1076710,15
1166230,11
1058474,15
1157515,4
1161102,7
1068394,5
1055006,13
1152601,12
109363,6
1114937,11
1159757,10
1105618,9
1116050,6
1162594,10
1016639,9
1162426,10
1056712,12
1091068,5
1021451,6
1164780,14
1126115,14
1028539,7
1019637,12
1125758,5
1156949,8
1138911,6
1027867,21
1023574,10
1036694,5
1060708,11
1158033,8
1020374,6
223275,15
1058861,14
112335,7
1145198,11
184637,14
1163959,3
1145771,8
1013404,21
1166264,10
1012956,7
1098119,7
151185,6
1148524,7
1097836,11
1030342,8
1156826,4
1094513,10
1097851,8
1045211,14
1085527,7
1154018,5
108470,15
1083230,13
1089691,11
1034055,11
1125445,8
1097783,10
1027088,7
1059798,9
1156903,5
1013699,11
1162590,3
1011443,5
1139428,7
1165527,8
1013788,21
1086963,6
1156020,5
1157996,14
1166323,13
1164102,9
1153621,5
109645,10
1097615,11
1166171,6
1078768,15
1166078,14
1154590,14
1166189,10
1154544,10
1033570,12
1156696,7
1081217,8
1132568,11
1084209,5
1005132,13
1154872,12
1126231,8
1156929,9
1162657,3
1156009,5
1097808,8
1078741,13
1105258,14
1145605,6
1162354,13
1055402,11
1105273,8
1103837,9
1025646,12
1060891,15
1093863,6
1145199,6
1105288,7
1052092,9
1148530,6
1158231,5
1116583,12
1108692,15
1013846,21
1162356,11
1132639,12
1149762,6
1138954,5
1105256,15
1043830,11
1028509,5
1011151,8
1060728,11
202509,13
1165458,8
1053361,12
112567,10
1153201,6
1084276,6
1149258,9
1157971,4
1165874,9
1052841,7
1158250,5
1102233,11
1154376,6
1048355,20
1166272,6
1013077,21
1132658,6
1166222,14
1088945,10
1116986,14
1098007,6
1054655,11
1149941,12
1126257,6
1150383,13
1106518,13
1019673,6
1164069,8
1045212,12
1033782,10
1084208,15
1021667,11
1011188,13
1138914,13
1027408,6
1110214,6
1150389,14
1154561,9
1162607,13
1116041,9
1154027,7
1158016,9
1162628,6
1012996,14
1138922,9
1125697,6
1157993,4
1058227,19
1153617,5
1027203,5
1080979,10
1107740,14
1152386,14
1020134,9
1116368,12
1132666,10
1138950,13
1089241,6
1164733,15
1153333,9
1156900,6
1159798,3
1021581,14
1059769,14
1030618,15
1161983,6
1126470,13
1014789,15
1014070,21
1037438,11
1105628,5
1145451,13
1093861,15
155945,11
1023698,10
1111788,7
1021723,10
1103826,10
1097857,6
1137987,10
1154477,9
1013837,7
212915,11
1078455,6
1165858,2
1034083,14
1051952,20
1046171,5
1015144,8
1074767,6
1148571,6
1076219,10
152315,5
1124597,5
1150642,10
1013952,21
1082740,5
1097832,7
1074734,15
1030966,6
1089183,15
1013586,21
1158004,9
1081224,7
1166339,6
1033710,14
179985,12
1098042,6
1165882,2
1164100,3
1081191,8
1153123,5
1161978,12
1055071,10
1153861,5
1162417,12
1023079,6
1052043,15
1165751,9
1088884,7
1087406,11
1149750,11
1125724,6
1132517,14
1089736,9
1023369,21
1164625,9
1027141,9
1158042,12
1165538,8
1044829,20
1122872,5
1091499,8
1150246,11
1086174,11
1097661,7
1028526,7
1098016,8
1157992,4
1098003,11
1156630,15
1033273,11
1019652,11
1158001,15
1069896,13
1055358,14
1154783,15
1052093,15
102439,10
1125679,11
1154554,11
1166113,6
1145355,12
158944,8
1020370,13
1162602,7
1082708,10
1101883,12
1164187,5
1055565,15
1020191,14
1125490,5
1045152,9
1164719,6
1068410,7
1161534,12
1166134,7
1125387,11
1164764,5
1011651,14
1138961,13
1023484,11
106332,8
1056711,9
1098070,6
1153095,9
1035630,13
1124619,6
1081672,7
1084303,15
1124642,14
1107705,7
1038481,14
113309,5
1166856,6
212695,12
1011715,15
1164052,14
1076705,11
1138909,7
1098094,10
1042095,7
1152338,6
1156021,5
1026656,15
1020190,8
1162581,15
1150108,10
1162726,11
1078220,5
1083256,8
102039,16
1162430,6
1138904,6
201725,8
1078222,5
1098026,11
1068420,5
1108016,6
1158027,12
1109969,11
1030817,10
1108676,7
1149478,7
1105139,12
179865,8
1161522,15
1158050,5
1099700,12
1150102,6
1091699,8
1097946,12
1148493,13
109671,7
1166424,5
1098029,6
1164067,6
1145725,9
1060721,8
1164502,10
1107712,11
1124699,7
1028563,15
1078646,8
1097787,8
113428,15
1045718,5
112329,14
1166586,2
1162724,12
1105260,11
1162359,10
1089187,15
1013789,21
1106331,9
1153881,9
1022296,7
1154547,5
1052801,7
1099592,7
1060726,12
1058847,9
1050925,20
1166427,2
1057573,8
1085139,11
1161262,6
1011159,14
1045090,7
1154841,5
101877,14
1157998,8
1091680,5
1060712,19
1118581,10
1132688,9
1162383,9
1161109,11
1162598,3
1159713,10
1014138,21
1082976,14
153212,6
1154460,5
1164098,3
1132502,7
1149150,6
1145637,9
1148443,11
1145209,11
1145719,10
101837,12
1145215,11
1149357,8
1149176,6
1021335,10
1138947,7
1086230,11
1080817,15
1097774,15
1059957,5
1149104,8
1011206,14
1149242,9
1106851,10
1030098,21
1150397,14
1164753,13
1157584,15
1164191,3
102149,5
1165748,13
1054024,12
1098078,8
1103831,9
1011376,7
1078702,9
1030339,10
1045792,7
1059831,7
116846,10
1057959,7
1163994,11
1157970,4
1158064,4
1072938,5
1005292,22
1105263,11
1164499,15
1058851,8
1090044,13
1163945,12
1150539,8
1023262,21
1157537,9
1153286,12
1054072,7
1166118,15
1014206,11
1086412,5
1150431,10
1165862,2
1161971,13
1033217,6
1037426,6
1156897,10
102441,7
1149229,13
1158237,5
1161535,8
1065024,14
1149292,15
1107017,13
1087181,14
1045125,6
1053254,9
1024644,13
1148506,6
1162702,3
1013688,21
179943,10
1150529,10
1116742,11
1037136,7
1150433,6
1150426,12
1161105,12
1162288,12
1157943,4
1088037,6
1083227,13
1060772,19
1163944,10
1162636,9
1011809,22
1033663,11
1138965,6
1125427,10
1148565,8
1092927,11
1083251,6
1033764,6
1013352,21
1153985,10
1014166,21
1164140,3
1165456,5
1124678,10
1153870,6
1043069,6
1153865,7
1078632,7
1123065,6
1023259,21
1123319,6
1110135,8
1023558,10
1154546,10
1090532,15
1165473,13
1089756,8
1014846,14
1159810,3
413244,7
1162220,6
1060771,7
1167012,2
1145245,13
1086176,14
1111951,8
1013935,21
1156884,4
1125661,6
151170,15
1162192,6
1010873,22
1166172,7
1164198,3
1105544,8
1125407,11
1161099,7
1011686,5
174401,11
201742,12
1162399,3
1028920,21
1126236,11
1150637,14
1107287,8
1166454,9
1162371,13
1126480,15
1098100,11
1165537,6
1057352,19
1152372,7
1118964,9
1102862,14
116570,7
173023,14
1016958,7
1086110,7
1076279,8
1084205,15
1154793,8
1156848,4
1150390,13
1154622,9
1084206,9
1107738,12
1138964,7
1153290,9
1019990,14
1014058,21
1094396,8
1166853,2
1023693,7
1060716,19
1097631,9
1023863,10
1145575,12
1162003,9
1126138,8
1014041,11
1159793,3
1015029,21
1145455,5
1162644,13
1162735,10
1077541,7
1153275,9
1156928,9
1013784,7
1045229,10
1149129,6
1078662,14
1150608,12
102075,13
1148993,15
1161131,8
1138422,7
1013502,21
1021557,12
1055416,14
1110565,12
1014171,21
1094446,6
1089842,9
1063299,10
108494,10
1154858,11
1094497,14
1161698,8
1043215,9
1013017,21
1125437,10
1023284,21
1080886,14
1156798,12
108414,12
1156938,10
102178,6
1076229,9
1030526,14
1154496,15
1078750,12
1097695,13
1161117,14
1161706,3
1036287,15
1162433,14
1154024,12
156940,11
1053194,6
1033754,13
1092553,10
1154029,6
1138907,13
1044553,12
1023601,8
1153874,7
1089931,15
1097730,6
1045080,15
1005140,12
110925,8
1092913,14
1097660,11
1087471,10
1103823,11
1106681,11
201171,11
1149909,10
1105640,14
1021467,7
1138923,5
1056418,12
1152806,6
1154017,7
1156914,14
1020427,13
1021494,8
1023720,14
1055458,12
116703,10
1166112,11
1125419,12
1013013,21
1021661,14
1157375,4
1013164,21
1125698,6
1166142,10
1132648,9
1089502,14
1013473,21
1043810,8
1053268,15
1166840,6
1074713,15
1149368,15
1132506,6
1162428,8
1097985,9
1167074,2
1126135,8
1156921,14
1162728,14
1166161,9
1164728,2
1055287,14
1020728,12
1158238,4
1110520,15
1085331,13
1125433,11
1166120,5
1124594,13
1125455,13
1020367,9
1111967,9
1116424,5
1087372,7
1111587,9
1079466,15
1166239,7
1013698,21
1021748,14
1125424,11
1159808,3
1106782,9
1038821,12
1023311,21
1162021,7
1158107,4
1020376,12
1026525,8
158943,10
1021968,6
1046368,15
1145604,9
1079297,8
1094311,11
1110314,7
1153479,14
1132563,11
1068407,6
1097815,15
1065178,9
1089007,12
1037229,6
1013911,12
1165859,2
1097934,7
1150604,9
1153897,5
1164178,3
1164492,8
1164717,11
106306,6
1149928,13
1043193,12
1011123,7
1149469,8
1149767,9
1156627,11
202400,7
1145208,5
1158059,9
1097822,5
1157962,4
1107981,11
1167954,2
1079278,17
1026945,15
1149914,6
1095659,7
1164570,7
1027296,12
1156785,8
1012932,14
1011537,10
1124696,7
1084432,6
1016024,21
1164731,2
1161144,13
1013919,21
1149465,8
1161093,10
1166558,2
1021919,9
1162193,13
1103226,7
1074686,8
1166342,11
1085939,7
1023597,11
1010810,22
1011473,14
1040749,10
1162582,9
1145475,13
1145647,14
1111756,6
1013364,21
1125656,5
1033360,5
1078754,9
1165485,13
1022056,6
1083217,14
1097620,12
173298,9
1026633,7
1149925,15
1089723,12
1149144,6
1022911,21
1166560,2
1013147,21
164804,7
1154889,6
152329,10
1145324,13
1020188,6
1101949,9
1094510,8
1013893,21
158948,9
153119,9
1023345,21
1154470,6
1166329,12
151078,8
1138896,10
1014103,21
1094634,11
1014109,11
1024821,15
1113312,15
1164724,2
1033152,8
1167073,2
1010943,10
1145415,6
1013214,21
152320,9
182624,13
1162020,15
1163807,14
1145752,6
1020385,15
1014083,21
1156933,15
1148528,15
1166141,12
1126089,15
1153137,14
1164137,3
1163951,7
1115749,8
1085997,13
1055016,9
1145673,15
1055702,10
1020356,10
152348,13
1125466,15
1125666,8
1022014,12
1074757,10
1125475,5
1083125,13
1126406,9
1156591,12
1027321,10
1150422,6
1055003,13
1023245,21
1163985,8
1158252,14
1014866,13
1150387,12
1095600,7
1154591,10
1132632,8
1030341,6
1126462,11
1033653,12
1051088,9
1059742,15
1090960,6
1084207,9
1132671,8
1149151,6
1063303,10
1013447,11
108261,5
1011140,5
1103843,13
1055277,10
1060885,14
1097612,13
1128837,14
1052403,9
1157129,12
1085423,12
1132510,6
1152811,5
1023882,14
1037450,7
1101308,6
1154738,13
1162338,12
1056718,9
1033740,12
1086514,12
1037257,11
1161980,6
1059855,9
1065017,13
1082521,15
1154751,12
1153108,5
1108014,6
112697,6
1034238,13
1051120,15
1074744,5
1162004,10
1108002,12
1154799,8
1095730,9
1154856,11
1074716,8
1123064,8
1132650,10
1122423,6
1076217,13
1108001,5
1158247,14
1026517,21
1166933,10
1046103,12
1164195,3
1125633,15
1153090,5
1052773,5
1158022,9
1026260,21
1126189,10
1040732,10
1023722,12
1161097,15
1060709,15
1150395,13
1150590,9
1059719,5
1116046,11
1027303,12
112398,8
1125719,12
1083231,7
1149791,6
1014127,13
111951,10
1055403,6
1081520,9
1023614,15
1013279,21
1162366,8
1083221,15
1163589,8
1152842,7
1082547,14
1101874,13
1045116,6
1164768,2
112541,7
152343,12
1166837,2
1156935,11
1118591,13
1020678,10
1011126,15
1054163,13
1150249,10
1166138,15
1165528,6
1149360,11
1162358,6
1154570,13
1058867,9
1098045,8
1111754,13
1157138,4
1138976,14
1110467,7
1023931,5
1080293,7
1057408,11
1028892,21
1028908,10
1124673,13
1084275,9
1160753,11
1158234,5
1097973,9
1152378,15
1060088,6
1023610,8
1164623,15
1153125,5
1023168,21
1029530,15
1098031,9
116633,15
1149174,6
1059822,11
1158014,14
1052077,8
1092556,12
1145764,5
1162255,3
1045103,12
1161948,3
1162606,3
1165587,14
1097647,13
1023551,5
1027449,11
1116117,7
1100777,13
1163768,6
1153380,12
1126099,13
1054267,5
1154571,8
1105274,10
1153112,5
1020689,14
1059795,15
1153602,5
1157526,8
1138887,11
1087335,7
1021468,14
1142700,7
101996,14
1074761,13
1019685,7
1138932,5
1156582,9
1150649,15
1162348,9
1153266,5
1055033,6
1154894,14
1107511,10
1023598,13
1149783,6
1054627,15
1030081,13
1033199,11
1160496,10
1105812,5
1058845,12
1166789,2
1154900,14
1081564,5
1013690,10
1014883,21
1161195,7
108307,14
1156923,14
1028559,13
1159718,8
116297,6
1161992,12
1164072,10
1105283,12
1161649,3
1108914,9
1164036,3
1105281,9
1083122,15
1106687,5
1164770,8
1011005,9
1053451,13
1040726,20
1107681,12
1166958,2
1162639,12
1124632,7
1163914,9
1012235,7
1030926,11
1045097,7
1122894,12
1125694,13
1014896,6
1125397,12
1138918,14
1068372,8
1014895,6
101838,9
1054747,14
1089184,6
1023603,7
1013112,21
1010784,14
1156892,4
1107688,5
1033376,10
1059771,12
1097833,12
1153889,5
1123131,13
1013885,21
1081666,13
1021636,13
1126259,10
1169469,10
1167008,2
1165739,14
111847,13
1060699,7
1153094,5
1166488,2
1166211,8
1163975,3
1102162,9
1166258,10
1055089,20
1138913,13
1059773,12
1159722,12
1149631,10
106017,8
1107767,7
1054884,14
1026953,9
1122446,5
1107014,6
1145431,12
1149201,10
1158005,14
1149155,6
1145424,10
1011856,13
1108231,10
1052819,14
1149135,6
1082772,9
223280,8
1167055,8
1097989,15
1021663,14
1028833,15
1097910,13
1153263,5
1154450,8
1125696,10
1054159,8
1145395,13
1033769,13
1152821,8
1145582,15
1116984,10
1014044,21
1101966,9
1159752,13
1037389,15
1157950,4
1023226,21
1125782,13
1030832,9
1165523,13
1164064,3
1167082,6
1043852,9
1150436,8
1153325,5
1150106,6
1163970,9
1154893,8
1021336,8
1145384,7
1084486,15
1166587,10
1166082,5
1156587,10
1020826,5
1014979,21
1157984,4
1165592,11
1045239,7
1060849,9
1079275,12
1028521,15
1020354,14
1093569,7
1107699,5
1160815,13
1026503,8
1056758,15
1156017,5
1152357,5
1148499,13
1105814,5
1094305,14
1163929,7
1166055,14
1162719,7
1162716,12
1145713,6
1098308,8
1011303,12
1159758,3
1094306,13
1027010,6
1011808,9
1013708,12
1088036,10
1103836,8
1097694,11
1020677,10
1132697,6
1157135,4
1116413,5
1098041,11
1157136,4
1088999,10
1153883,5
1154620,11
1106924,10
1145197,6
1060754,19
1014161,9
1013256,15
179859,8
1068406,14
156968,17
1118504,12
108389,9
1097839,13
1037276,21
1149202,10
1079280,11
1150104,10
1126458,14
1036291,14
1165544,11
1013918,21
1020051,8
1166373,2
1013551,21
1036256,12
1166785,7
1166065,2
1116379,6
1030377,15
1045070,14
1158244,12
106049,8
1165989,2
1028554,12
1111809,12
1132745,5
1058862,7
1156810,4
1054616,15
1013613,10
1053204,10
1165979,2
1084495,10
1132710,15
1145753,6
1126341,9
1132530,14
1125652,8
1101676,14
1094351,14
1081367,14
1014978,21
1076228,10
1165524,9
1163766,14
1097825,8
1145211,12
1088948,8
1106271,5
1138931,6
1083121,12
1124658,11
1111971,12
1110294,8
1021562,11
1152337,7
1123248,5
1167068,2
1012993,21
1101341,14
1055561,15
1083236,15
1164763,2
1033359,8
1126454,14
1158248,4
1161991,8
1156828,4
1156642,8
1020187,13
179952,9
102989,5
1011142,14
1023225,21
1068200,9
1105616,5
1132550,13
1022136,6
1153345,7
1055692,8
1080593,12
1092557,15
1034722,8
1086387,6
1059780,8
1148517,15
1121533,15
1150429,6
1074717,11
1162715,13
1020140,13
1138920,8
1090537,8
1028445,14
1033756,7
1152370,6
1145572,6
1157951,4
156943,17
1086388,7
1132728,7
1156890,4
1166007,5
1162194,5
1138878,10
1023508,7
1163935,3
1125474,12
1157369,4
1163930,8
1027129,11
1165465,12
102220,5
1154452,6
158939,6
1162730,9
1094154,8
1158230,5
1060753,12
1165526,14
116304,9
1097904,11
1104830,13
1011306,7
1165533,11
1097713,6
1161663,3
1166417,14
1037224,21
1020369,10
1132641,9
1106343,8
1153891,5
1145681,7
1162708,3
1138885,7
1164772,12
1089203,15
1126053,12
1023561,12
1026731,6
1074696,8
1156609,7
1013344,21
1125483,6
1153323,6
1020377,9
1083377,9
1094127,10
1145596,11
1167048,13
1162284,13
1162420,11
1094270,8
1125647,12
1100774,15
1024104,5
1035110,5
1125399,9
106906,6
1034225,8
1156920,12
1055359,6
1157954,4
1029836,14
1158041,7
112748,5
1153205,15
1076527,15
1089017,11
1045773,7
1166267,8
1014025,5
1156607,10
1054164,7
1154853,15
1161668,3
102009,5
1020192,7
1078745,6
1093682,6
1013132,21
1086516,5
1036295,7
1089969,15
1097890,13
1111495,5
1164097,3
1149749,12
1116102,8
1023589,14
1132679,5
1033737,15
174485,7
1022907,21
1149158,6
1153375,12
1154598,9
1161964,6
1154479,13
1097011,11
1138958,14
1021479,13
1053180,6
103010,9
1022957,7
1166023,15
1157958,4
1092285,9
1037485,12
116371,8
1148539,15
1013955,21
1153113,5
106119,9
1162630,14
182534,7
1111570,11
1051122,11
1153607,5
1166450,8
1116191,8
1100024,7
1097820,9
1123060,14
106457,13
1124685,11
102655,6
1089520,14
1015248,8
1149974,5
1145442,6
1116421,14
1163952,3
1161941,3
1165463,10
1149772,6
1152359,13
1020275,10
1165543,14
1086498,7
1115759,8
1149168,6
1152604,5
1145585,6
109483,7
1105287,9
111969,12
1082603,10
1014848,8
1074687,12
1156841,11
1045226,11
1162362,7
1149254,11
212148,8
1027360,21
1068404,5
1124618,7
1072949,14
1027953,11
1106788,5
1138890,6
1006726,15
1145639,8
1149197,9
1089857,6
1036296,21
1163936,12
1020360,21
1087404,7
1020735,15
180788,7
1157540,5
1105253,15
1166577,9
1154621,12
112553,14
1159795,3
1142698,8
1027889,21
1149257,6
1014998,12
1145477,9
1072941,14
1068397,14
1010770,22
1132643,6
1145763,5
180188,7
1166977,2
1161518,10
1161538,7
1083218,11
1154595,6
1005261,6
1076215,12
1149464,9
1166194,8
1164622,9
1156616,12
1088838,11
1094476,12
1154867,10
1105276,10
1132561,5
1166229,2
1026921,9
1024046,15
1033703,10
1138899,14
1154886,5
1162687,3
1079279,9
1153863,13
1157513,4
1164003,3
1165483,14
1145608,12
1161709,15
1162267,3
1152369,6
1157521,4
1165845,2
1162698,3
1086459,6
1082972,10
1166243,9
1123068,9
1164035,3
1149948,14
1026000,13
1157137,4
101725,9
1145409,12
1157974,4
1153623,5
1126171,5
1045059,11
1125496,5
1154015,11
1097744,11
1013726,21
1092911,5
1161142,12
1052866,13
1163972,6
1059823,9
1125389,6
1149748,6
1165885,7
1145706,7
1166293,8
1150614,8
1161122,5
1059699,5
1111769,15
1097937,6
1125451,13
1021554,9
1162427,13
109674,7
1049417,11
1156023,5
1166143,5
1054192,15
1169630,10
1038146,9
1161937,3
1166400,15
1054643,8
1014162,14
1081072,5
1152351,9
1107730,7
1097440,15
1154491,15
1164750,9
1154394,6
1013161,21
1158043,13
1087962,9
1019940,12
1085447,6
180853,7
1026891,11
1034652,12
1162198,8
1045064,6
1059702,15
1164747,15
174486,13
1056742,6
1013022,21
1019956,6
1125436,7
1108090,9
1026803,12
1145482,11
1102177,14
1111500,7
1088955,14
1011729,13
1038139,14
1011243,10
1060698,13
1012860,7
1083312,15
1054151,10
1153291,6
1126058,13
1060890,13
1059725,12
1045099,6
1087373,6
1100061,10
1097961,8
1156012,5
1166152,5
1107986,7
1125635,13
1154556,5
1156926,7
1098028,13
1160812,9
1013721,21
1132709,8
1158108,15
1094610,9
1029475,13
1083242,10
1166213,13
1156945,13
1164066,3
1063486,10
1123117,8
1013998,10
108429,15
1005485,10
1088744,11
1154563,5
1022311,8
1011642,13
1149362,8
1160477,9
1068548,11
1149475,10
1157994,4
1101706,7
1149101,11
1152383,10
1164620,7
1074759,6
1156695,6
1020158,11
1098052,12
1105651,15
1097842,10
1107151,12
1166043,8
1097983,14
1166111,9
1138417,12
1013898,21
1029464,14
1154380,9
1154896,12
1159723,13
1145578,6
1163590,13
1156887,4
1164174,3
1092379,12
1051144,8
1160809,11
1097861,5
1034231,12
1149787,6
1118827,15
1149780,6
102632,6
1167076,14
180899,15
1097753,15
1023199,21
1145704,9
1145762,5
1097944,14
1154748,15
1152816,15
1058850,9
1166090,15
1107727,11
1015205,7
1023397,21
109595,11
1105241,15
1158011,4
1122890,14
1028869,15
122159,12
1153605,5
1160480,13
152378,10
1145487,6
1162404,6
1124542,11
1160929,12
108604,9
1054757,8
1149935,13
1086551,14
153237,10
109718,6
1045079,12
1165863,15
112832,12
1091685,8
1014200,21
1153472,10
1011183,15
1107690,9
1030093,13
180847,14
1045078,13
1125379,6
1089887,10
1108083,10
1034662,14
1148491,6
1027881,21
1119510,14
1159788,3
1053041,12
1022965,7
1083118,8
1132657,7
101632,5
1097680,5
1097869,9
1014082,11
1156606,7
1156953,13
1053343,20
1101861,14
1166411,10
1152598,8
1158098,15
1054631,5
1125391,6
1074748,11
1123052,5
1116120,15
1156612,8
1033650,7
1149136,6
1106355,5
1138953,15
1074762,12
1023512,5
1028557,9
1164743,2
1110400,11
1023706,12
1125452,13
1021478,12
1061640,19
1152850,14
1161939,3
1161517,11
1112522,6
1107983,6
1060835,9
1158097,13
1054070,9
1163598,14
1164094,3
180868,8
1074709,14
1050183,9
1074729,11
1152382,13
1086578,9
1149931,6
1162423,11
1162363,11
1126129,8
1164759,2
1165531,15
1166309,14
1124514,12
202523,5
1154555,7
1145479,11
1078225,13
1166412,13
1125237,9
1166086,14
1125662,8
1092544,13
1106828,11
1107708,7
1166469,15
1082593,11
112334,8
1156600,8
1059797,10
1021692,5
1145690,6
1164096,3
1166449,10
1023384,12
1106699,9
1097897,12
1031021,10
1154539,13
1011597,12
1148544,8
1166266,14
1116366,10
1097759,8
1046376,20
1162631,8
1023709,5
1055703,7
1078659,7
1046482,6
1020371,6
156934,8
1020343,8
1076216,8
1084491,13
1028630,13
1013942,21
1033744,5
1089259,6
1107982,7
1012953,21
1162245,3
1153120,5
1110184,14
1159809,3
1106702,14
1010773,5
1162432,15
1125650,5
1125459,7
1125482,8
1165559,10
116718,15
1164729,12
1054257,20
1145404,6
1149765,6
1137415,15
1149230,7
1122881,15
1132705,8
1097609,11
1163808,9
1094509,8
1014850,15
1162001,8
1125769,13
1079463,8
1098032,5
1164778,2
1163954,3
1074731,5
1020654,8
1044190,9
1020149,12
1163934,3
1106700,11
1118850,15
1079458,9
112316,9
1011719,6
1074720,7
1053933,11
1156944,12
1154750,5
1055007,11
112033,10
1057453,6
1104825,12
1086943,15
1140421,7
1165565,5
1052804,7
1149968,6
1033375,8
1097702,5
1080614,13
1156802,4
1094126,6
1166429,9
1020352,5
1153480,12
1162393,11
1150542,13
1100288,9
1052775,9
1023552,5
1039371,11
109436,7
1059715,12
1149365,5
1045052,13
102015,14
1138905,15
1106269,5
1145683,11
1084611,14
1013145,21
1027273,21
1013543,21
1163907,3
1108672,11
1012958,21
1021672,13
1156614,7
1028623,11
1107088,5
1161112,5
1095663,6
1078998,12
1014085,21
1111680,10
1076288,7
1132649,6
1079002,5
1162365,10
1161944,3
1125481,8
1105539,7
1035660,9
1125713,8
1148500,10
1048686,6
1099703,14
1156825,4
1166238,8
1138962,6
1165996,8
1161979,12
1110492,12
1011049,10
1166839,2
1132539,12
1020351,8
1101972,14
1152379,14
1157955,4
1099010,9
1162441,3
1162213,8
1116188,6
1027289,21
1125678,8
1083247,7
1079488,14
1132672,14
1107710,14
1162015,3
1030766,11
109712,17
1132717,7
1126278,15
107468,12
1043678,20
1125637,8
1138423,9
1161130,7
1097960,13
1054121,13
1145626,10
1157514,4
1152595,8
1163896,9
1123053,5
1153133,9
1157580,15
1105534,5
1158053,8
1036261,15
1164630,5
1156631,13
1057985,6
1126152,11
1125491,6
1169477,9
1149760,6
1111699,8
1045088,5
1105269,10
180164,8
1154490,5
1149745,6
179763,6
1052091,14
1153465,5
1091672,14
1097848,15
1014079,9
116755,10
1154832,5
1156636,7
1054043,12
1082813,5
1013380,21
1078756,12
1132702,5
156969,6
1105286,9
1013576,21
1021449,12
1108225,11
1036895,8
1013975,21
1165753,10
1124692,10
1111036,9
1165566,9
1106762,15
1034222,13
1163956,3
1023613,5
116722,8
1035957,15
212717,10
1165554,5
158680,12
1013225,21
1160820,5
1052774,12
1162025,15
1145446,6
1088883,7
1082594,7
1152840,13
1154464,5
1149185,6
1029531,8
1014790,14
1153884,5
1122886,8
102568,6
1097935,14
1154599,15
1094527,11
1014847,21
1145675,11
1166979,2
1158013,8
1166071,5
1086776,11
1081042,17
1125383,14
1145746,6
1086097,7
1107026,11
1011749,13
1052080,9
1087178,7
1164192,3
1107694,5
1014182,21
1150254,14
1125766,5
1167081,2
1013045,21
1153475,5
1105240,5
1094596,6
1118646,11
1020016,7
1152381,12
180881,5
1020196,6
1013925,21
1166022,8
1157384,4
1084203,13
1021644,13
1162373,7
1150105,13
1162343,3
1145377,7
1125472,12
1115690,8
1165740,14
1145577,7
1145498,14
1125464,14
1165487,10
1108223,15
1149314,12
157563,8
1153135,15
1057957,10
1159720,8
1023509,15
1157947,4
201523,6
106103,15
1045140,6
1022992,10
1161710,10
1098111,9
1149913,5
1149625,7
1104824,14
1082998,13
1161543,3
1125671,14
1023635,12
1013547,21
1148445,9
1157973,4
1156807,4
1039375,20
1164080,12
152332,11
1097906,5
1166270,5
1158067,4
1085376,11
1097821,6
1125763,5
1105280,15
1137904,14
151104,14
1005294,22
1066828,19
1163608,3
1034207,6
1166210,14
1014189,6
1107084,13
1123062,10
1102848,12
1105243,9
1029598,12
1118488,6
1023742,7
110812,10
1055285,13
1053179,11
1119514,6
1125720,14
1125473,12
1153626,5
1156022,5
1167065,2
1116776,11
179329,13
1023609,7
1097903,14
1023682,11
111923,5
1154916,12
201524,7
1162019,13
1065107,8
1041576,20
1163978,15
1097887,10
1164065,15
1035670,9
1086003,7
1149768,6
1028567,9
1097811,5
1103813,8
116295,13
1051452,14
1123055,13
1026946,12
1081131,6
1116992,14
1149629,8
1161081,9
1014199,21
1061021,19
1101607,5
1101967,15
1148522,7
1059811,5
1011754,5
1091691,11
1145529,12
1014917,21
1165552,5
1138891,11
1149189,6
1074721,7
1150771,14
1153121,5
1100035,10
101992,7
1079333,5
1153482,11
1078753,9
1105523,13
1158100,7
1162731,11
1132570,9
1154911,5
1046156,15
1159707,14
1027335,7
1097801,9
1162670,3
1166284,10
1138898,14
1126345,15
1149628,7
103148,13
1163969,3
1105536,12
1158068,15
1145722,8
1098987,7
1045094,8
1055021,7
1078769,5
1013066,21
1026476,10
1023070,15
1053191,6
1013506,7
1028541,12
1105649,13
1023171,15
1054663,5
1098563,12
1162663,3
1149132,6
1157544,14
1118522,15
1086528,7
1021618,15
1157942,4
1152820,8
1021359,15
1156617,8
1157941,4
102671,15
1042319,5
1153860,15
1107081,10
1126022,8
1014006,21
1132655,10
1107996,13
1164024,3
1156613,10
1163787,8
1166235,13
1052361,7
1162645,10
1082492,12
1158021,12
1164121,3
1097902,12
1108022,11
152350,10
109368,11
1023530,6
1153373,6
180159,15
1055690,6
1165752,11
1145679,6
1150259,7
1011515,13
1124601,8
1015018,21
1161658,3
1020305,10
1118264,13
1076222,6
1125480,8
1125392,15
1071951,18
1055444,15
1089468,8
1074728,15
1100266,15
1162221,5
1154842,5
1154582,13
1166182,5
1162392,9
1052095,7
1023565,15
1080267,6
1165857,2
1097748,10
1161996,12
1078691,5
1132596,5
1108009,6
1020736,9
1158012,15
1108725,8
1014134,21
1048353,14
1164169,3
1138879,6
1023700,14
1153118,5
1165557,12
1161088,3
116580,15
1106268,6
1048697,9
1138928,10
1149154,6
1015800,15
1079288,8
1094490,13
1161086,12
1065179,14
1082697,6
1166380,15
1011105,6
1013103,12
1161094,6
1158032,10
1165983,2
1011807,8
1094472,12
1149109,13
202572,8
1125488,6
1126181,5
1150616,7
1156603,7
1126050,14
1164106,13
1125709,12
1034996,21
1164745,2
1150537,11
202507,12
1013992,21
1162250,3
1020827,12
1026869,7
1149933,14
1060848,6
1126321,10
1156842,4
1138969,7
1145723,15
1057274,6
1045722,12
113307,11
1166221,15
1152877,12
1162585,11
1157967,4
1161652,3
1163998,14
1152373,14
1123069,7
1145457,14
1145406,6
1157575,4
1060878,12
1164088,3
1101849,14
1106696,8
1091669,14
1082994,14
1063769,9
1081357,10
1150766,13
1060801,19
1150653,12
1021510,14
1057467,10
1162360,10
1090539,15
1150107,10
1079461,5
1116982,15
1154633,14
1071954,18
106998,11
1148520,10
1013876,9
1149196,13
1097758,6
1166148,15
1153463,13
1149947,8
1125780,15
1108729,5
1126297,5
122396,10
1158031,7
1169475,5
1029742,14
1164722,10
1097608,5
1020023,10
1162626,3
1153471,9
1073265,6
1097727,10
1162405,7
1045223,15
1157966,4
1013593,21
1036276,12
106739,6
1101852,9
1161238,9
1154883,12
1162586,5
1156809,4
1166451,9
1162253,3
1037338,14
1164742,2
1165877,2
1163974,3
1156854,12
102236,13
1149975,6
1162290,12
1124271,10
1059696,7
1150438,6
1103827,14
1158054,6
1125402,9
1125395,13
1163603,3
1045234,7
1058866,11
1084306,12
1028548,15
179788,11
102768,15
1145433,6
1164030,6
1107019,13
1051109,20
1045091,6
1021499,9
1055019,11
1011110,13
1104555,11
1088018,14
1149908,5
1163916,11
1150523,12
1140526,12
1027235,15
1107519,8
1038148,11
1154611,8
1014039,21
1119363,9
1087402,13
1111544,8
1029394,11
1021739,8
1086620,14
1078938,5
1153319,5
1097754,11
1034049,7
1161661,3
1113418,12
1027202,5
1038597,11
1149179,6
1014095,21
1166234,7
1161949,3
1153875,9
1011024,12
1078621,14
202535,5
1138977,7
1123135,13
1148527,8
1013156,7
1162695,3
1153295,15
156957,6
1044814,5
1124512,12
1063302,15
1055700,7
1052797,15
1137341,11
1081904,13
1149170,6
1090075,7
1055018,9
1026625,11
1163926,12
1106266,14
1105296,8
182521,5
1153885,5
1166423,5
1116192,14
1125735,6
1089243,15
1158063,15
1149466,12
1045225,6
108338,8
1161953,3
1156701,15
1145574,6
1020345,14
1164491,12
1079313,6
1097751,9
1012254,12
1165710,11
1154019,14
1023612,10
1132547,7
1021536,12
1124535,9
1052778,7
1148525,10
1156790,4
1124694,15
1052140,13
1111956,13
1161654,3
1023510,14
1110112,15
1013736,11
1138938,6
1148540,7
1162725,15
1164108,3
1082601,5
1090266,13
1095658,14
1161516,8
1161139,7
1161150,7
1145727,8
1125765,14
1057963,11
1149159,6
1116993,9
1165881,12
1014151,21
1116994,6
1153601,5
1040724,20
1163797,7
1075749,17
1116582,11
1073251,13
1078742,15
1085955,11
1036693,8
1154898,12
1126134,13
102979,5
1019983,12
1161938,3
1014077,21
1097950,7
1084608,7
1052786,13
1145374,11
1164477,8
1165987,2
1162640,7
1125634,14
1138952,7
1083483,7
1078224,12
1156888,4
102626,5
223264,13
1162018,9
1149918,8
1163809,6
1101882,8
1126286,12
1152884,7
1122419,7
1154869,12
1116049,15
1033202,14
1013779,21
1166225,10
1033289,9
1162718,6
1060773,14
1157578,4
1107023,13
1166175,9
1035906,9
1033770,5
1038492,12
1013260,21
1139433,9
108767,15
1162024,11
1166786,13
1125641,9
1163760,6
1161083,9
1027856,21
1056735,8
1011069,15
1166912,15
1161675,3
1054761,7
1149755,8
1145685,10
1161241,11
1166287,14
1162599,12
1012961,21
1027243,12
1153361,15
1164015,10
1153297,5
184752,6
1105144,8
1019971,10
1118482,11
1097696,5
1057395,9
1093591,14
1052848,12
1110523,15
156955,17
1020183,5
1084213,9
1162376,5
1145636,6
1167077,11
1156937,9
1027161,21
1087082,13
1164725,9
1076541,9
1028565,11
1126079,8
1029544,15
1160921,10
1156632,6
1161214,9
1111515,12
1029876,13
1126132,11
1145191,11
1138916,8
1125757,10
1154884,14
1157960,4
1125762,6
1015204,8
1058853,8
1054622,15
1026900,13
1138886,6
1105645,12
1162419,12
1162382,9
1013478,21
1138944,13
1150601,10
1013382,21
1116629,12
1110495,15
1106708,11
1123057,10
1156818,4
1129398,15
1021530,12
1053467,15
1111789,15
1020024,11
1167066,11
1098106,9
1156608,12
1026884,21
1020362,14
1078168,8
1019976,14
1161653,3
1025421,8
1070591,12
1138889,13
1157964,4
1154492,6
1161712,7
1013948,6
1149204,15
1165553,9
1162589,12
1020292,11
1162374,9
1164126,3
1138900,13
1153293,15
1166203,10
1027227,14
1166369,2
102005,5
1152345,6
1145696,10
1005293,22
1021949,15
1052823,13
1167095,9
1124626,14
1021660,15
1101545,9
1145212,14
1162205,13
1080318,5
1028542,13
1157581,4
1107990,12
1119100,9
111959,17
102446,12
1125707,14
1078657,6
1138963,15
1129988,9
1020130,10
1126224,8
1030412,11
1156941,12
1097877,7
1162240,3
1107703,10
1027924,21
1107758,11
1116423,11
1149747,6
1115756,13
1150535,14
1148521,10
1033552,5
1106837,12
1052811,13
1023418,21
1023935,5
1162665,3
1145628,9
1013088,15
1161119,12
1165980,2
1045137,13
1021556,10
1149099,7
1077781,11
1013118,21
1105255,14
1161075,5
1166069,5
1023318,21
1164619,5
1166970,2
1125039,9
1157531,11
1126070,6
1013921,21
180011,13
1090898,6
1126338,13
1115794,10
1156899,7
1079289,17
116414,14
1152819,9
102864,15
1087986,6
1125705,7
1149934,8
1021352,13
1156905,12
1145711,7
1083136,9
1154587,10
1021348,8
1099022,7
1021443,8
1105798,10
108326,8
1152385,9
1103842,7
1159712,5
1006730,22
1022843,21
1099005,15
1094503,10
1103833,5
1020831,15
1097900,9
1161541,13
1058860,12
1157571,12
1166841,2
1126080,5
1166016,13
1161669,3
1015199,10
1154794,6
1162609,3
1013365,21
1078325,14
1132659,11
1126124,8
1145733,11
1054333,14
1132560,13
1156016,5
1116430,14
111905,9
1059721,11
1054660,10
1156901,11
1023639,8
1065290,14
201274,10
1166177,15
1132573,14
1166162,9
1125400,13
1162431,9
1145597,6
1166233,9
1166242,5
1164127,3
1153294,10
1111813,14
1138414,5
1132609,15
111913,10
1164193,8
1010799,6
1081163,12
1148519,5
1093841,15
179757,7
1164037,3
1154913,15
1164782,12
1161110,14
1132698,5
1125461,9
1145756,7
1166966,2
1145390,7
1165866,10
1145326,11
1165880,5
1125422,9
1145613,15
1108696,13
1111710,9
1162243,3
1013004,21
1164075,14
1145362,6
1163602,3
1158023,8
1150398,12
1156618,14
100884,13
1106709,12
1153321,11
1149167,6
1082760,13
1161999,11
1123114,13
1089254,6
1161188,6
1152365,14
1145432,6
1089710,8
1099586,14
1030112,12
151146,12
1158232,12
1163594,3
1106272,14
1162707,3
1158065,4
110599,15
1149361,5
1021330,11
1150617,9
1022997,7
1023360,10
1078697,10
1110132,7
1164017,3
1080574,11
1156621,7
1081349,11
1076707,8
1156625,15
1148511,6
1148496,9
1145329,5
1149127,6
1148812,15
1163932,9
1162693,3
1166349,14
1158251,15
1157541,4
1124528,15
1145360,5
1089979,15
1097992,10
1057394,15
1060798,19
1029904,6
1082944,11
1148498,11
1116158,9
1163596,3
1013273,21
1097871,12
1021666,11
1162339,3
1097817,5
1086095,11
180063,11
1157376,4
1164027,14
1011018,8
1162237,3
1153389,13
1153858,10
1108226,11
111784,11
1021349,7
1167015,2
1107726,9
1164129,3
1013262,21
1028629,11
1087957,5
1106706,14
1089037,16
1125695,7
1149470,7
1116187,14
1068441,6
102584,11
1029309,6
1145745,8
1145402,6
1079268,11
1028553,15
1165988,2
1033742,12
1157982,4
1166232,11
1156803,4
1132514,10
1153377,9
1026549,5
1042992,10
1149906,5
1111795,10
1145676,15
1118368,14
1023556,12
1149932,12
1161151,9
1161176,10
102976,6
1145602,6
1011603,12
1153466,9
1105247,6
1161990,6
1026602,15
1125495,14
1161673,3
1105290,14
1166122,13
1124536,15
1027110,11
1153474,14
1165984,2
1030529,5
1011784,22
1013886,21
1162600,7
1138968,7
156840,9
122141,10
1165484,2
1091695,5
1058856,8
1091678,11
1166107,8
1145765,6
1165875,12
1165479,8
1094090,9
1149910,6
1145449,15
1165467,5
1166457,6
1156819,4
1154912,11
1083319,6
1148502,15
1078410,14
1149754,12
1162206,13
1166913,9
1154489,8
1145467,7
1166169,13
1107078,6
1164025,3
1108232,10
1106842,8
1110498,11
1164132,3
1161127,11
1055398,9
1124647,7
1059832,14
1154891,13
1110533,8
1021372,15
1145243,14
1126041,11
1011260,12
1013446,21
102096,13
1014130,21
1044592,6
1045071,12
1033695,9
1167049,7
212182,8
1148531,5
1140357,10
1125458,11
1013436,21
1166464,10
1165712,8
1140355,13
1078661,12
1126320,5
1125456,10
1166015,11
173714,6
1105822,10
1028520,10
1163957,11
1020330,8
108764,11
108287,7
1145726,6
1023525,5
1164626,6
1166277,6
1027211,5
1161954,3
1154572,6
179302,10
1149108,12
1145480,9
1023234,21
1014131,21
1013248,21
1156580,10
1011154,15
1145758,6
1149758,6
1097889,8
1145738,6
1045787,12
1023008,13
1154851,10
1156622,8
1020406,6
1116053,9
212707,14
1026815,8
1166383,6
1156596,15
1153606,5
1105823,13
108305,15
1162386,9
1097936,10
1091681,9
1164170,3
1052089,11
1161181,14
1167094,13
1153132,9
1154406,10
103092,15
1125388,8
1163984,5
1161085,13
1159748,5
1027858,13
108206,13
1150424,9
1107998,8
1034651,10
1138910,7
1145423,6
1105521,13
1124690,6
1161525,6
1054285,20
1166413,2
1043723,20
1149220,14
1118417,9
1124661,5
1154476,12
1023278,21
1160550,8
1026828,14
1105563,13
1154784,14
1091686,13
1097725,8
1156791,9
1118560,14
1055706,11
1119086,7
112677,9
1157538,7
1079291,10
212718,12
1162265,3
1166389,10
1023883,14
1076220,5
1132509,15
1013487,21
1162618,12
1163600,15
1068421,9
1011626,11
1161098,14
1148439,12
1163977,5
1036873,9
1163900,3
1026978,12
1084708,9
1164373,14
1166379,15
1101969,5
122162,5
1132656,11
1125645,9
1163607,3
1089528,12
1013059,21
1097700,9
1059772,10
1154627,15
1025639,21
1162211,11
1165571,11
1149790,6
1149921,6
1013206,8
1013284,21
1132742,15
1156850,11
1058858,5
1145407,6
151386,15
1157968,4
1145425,6
1162345,7
1163913,5
1163811,5
1154560,12
1027473,21
1161537,15
1099838,13
1149143,6
1086442,13
1156948,12
1078788,15
1028891,21
1086064,8
102088,13
1125729,5
1153890,5
1138897,15
1166006,12
1164175,3
1053927,15
1166978,2
1126034,13
1162266,3
1116160,12
179906,11
1091070,12
1154779,13
1034051,9
1055400,15
1156634,13
1125768,9
1045089,12
1027234,7
1156800,4
1157995,4
1021756,13
1132513,11
1124508,12
1027306,7
1014102,21
1063296,14
1149937,5
106007,12
1164001,7
1149784,6
1158029,13
1165982,2
1028831,10
1029715,10
201474,13
1074730,5
1164194,3
1091675,5
1166391,12
1013083,21
1148513,10
1060884,15
1045771,20
1145210,10
1084640,8
1164099,6
1107734,10
1161715,3
1166959,2
1027136,14
1138926,14
1156595,9
1013188,21
1080262,10
1166097,5
1145630,6
1021450,5
1105267,14
1094071,15
1098989,7
1163955,3
1157390,4
1162201,14
1145643,7
1053202,10
1161676,3
1161959,7
1123050,7
1138884,7
1165744,12
1149788,6
1116367,12
1021332,7
1157382,4
1150534,14
1148507,6
1033259,9
1115792,13
1052777,14
1126405,7
1103844,7
1153131,6
1145336,5
1145576,11
1097942,8
1161942,3
1166935,9
1156846,13
1165873,5
1154022,8
1125421,6
1164196,11
1086203,9
152429,14
1126446,5
1132515,11
109625,6
1019948,9
1163991,3
1158019,7
1014868,15
1156838,4
1043808,11
1156805,4
1107509,13
1150597,8
1165974,2
1145416,15
1161230,5
1148549,7
1026284,12
1166268,12
1162638,7
1164740,2
1034034,5
1163792,13
1054262,20
180851,5
1153154,13
1125382,15
1068380,14
1124583,15
1088937,8
1153620,5
1072945,9
1124663,9
1086557,11
1123224,9
1166431,2
1124582,13
1164057,3
1166184,7
1013054,13
1164718,11
1097823,13
1088582,13
1149927,11
1149130,6
1145718,10
1166790,2
1012992,11
1029640,14
1013305,21
1140387,11
1157986,4
1165855,2
1059732,12
187240,7
179891,12
1153872,12
1166425,6
1022166,12
1149200,9
1159762,9
1166401,15
1011058,11
102986,13
1111952,6
1157381,4
1011586,14
1011352,5
1027443,21
1154864,12
1161115,15
1145414,14
1084616,11
1156925,6
1107715,13
1023254,21
1158254,7
1053930,13
1011434,10
1052078,5
1162434,9
1033698,15
1158008,12
1159710,5
1149207,10
106665,7
1161722,9
1161070,9
1164021,9
1161716,3
1156836,7
1154915,11
1125773,7
1052079,10
1124631,12
1011435,22
1145528,12
1162251,3
1020204,12
1040558,9
1149970,9
1164092,3
1157987,4
1138877,11
1160904,9
1022821,6
1025826,15
1010942,22
1161135,14
1161189,15
1041578,15
102611,13
1107750,14
1126187,15
1162207,13
1161961,5
108981,5
1145418,6
1157975,4
1023571,10
1107520,5
1013713,21
1116989,6
1125429,13
1085950,8
1101958,6
1125393,6
1158226,6
1156817,4
1161140,14
116826,10
1156633,15
1138972,15
110887,7
1028458,7
1150382,7
1165975,2
1100038,13
201485,14
1056717,9
158903,12
1164179,3
1156635,14
1010959,11
1137379,9
1157142,4
1022990,21
1154625,9
1164063,13
1125675,6
1023562,6
1166594,11
1037258,5
1149239,8
1154552,15
1132529,12
1094276,8
1166485,2
1150391,6
1092822,8
116596,11
1125439,7
1028888,10
1161149,5
1045095,15
1154448,13
1154581,7
1156799,4
1105636,11
1163992,3
1037014,14
1107713,11
202529,15
1159719,3
1149468,15
1098021,15
1149107,12
1164726,2
1019967,7
1157545,5
1010856,8
1156011,5
1164752,15
1152807,12
1011599,14
1074750,5
1162403,3
1014032,21
1145680,11
1159709,11
1156946,8
1124627,9
1090509,12
1138915,6
1162203,13
1163759,10
152520,11
1166109,13
1164087,3
1125772,6
1081792,7
1097813,13
1094088,15
1118526,14
1164083,14
1161519,12
1103828,10
1158017,10
1138966,14
1164182,3
106833,8
1089707,11
1108015,6
1098010,13
1149100,14
1161670,3
1154798,8
1165854,2
1126386,12
1145638,14
1013496,21
1161724,9
1163973,12
1148488,7
1023734,21
1056763,20
1162583,3
179330,8
1149102,11
1156778,4
116369,10
116900,9
180863,11
1028164,6
184603,14
202379,13
1098991,14
1053466,20
1145474,5
1162259,3
1156638,14
1103838,12
1089199,6
1089882,13
116571,8
1023033,6
1166271,10
1059796,7
1165556,10
1027018,10
1164765,12
1094296,9
1125750,12
122193,12
1011293,9
1088554,16
1054734,5
1084311,10
1097911,15
1125040,9
1026988,5
1153608,5
1166370,2
1161982,15
1157573,8
1149223,13
1097976,5
1125630,9
1149778,6
1053449,8
1058863,9
1097704,5
1125783,7
1091682,13
1159711,11
1097982,15
1162601,3
102942,13
1125448,12
1163964,14
1023125,13
1153624,5
1110716,12
1021806,21
1126051,14
1123113,15
1145699,6
1150399,11
1082519,5
1153615,5
1084490,7
1025829,9
1145721,6
1154021,7
1162242,3
1145531,6
1158228,5
1107995,6
1118331,13
116584,15
1132613,10
1107082,11
1153127,13
1020357,6
1078321,9
1145206,6
1163595,5
1166186,9
1086507,7
1118372,9
1023072,5
1162367,15
1026809,8
1126144,5
1013899,21
1071957,18
1126248,9
1100055,13
1149777,6
1157579,5
113469,8
1026009,7
1033564,14
1053435,15
1125485,7
1167070,12
1043668,20
1162208,8
1167009,2
1150425,8
1090533,9
1145714,6
1028626,13
1164079,3
1106285,7
1098980,10
1086212,14
116399,15
1114200,14
1112535,8
1156893,4
1106703,7
1109877,14
1086046,8
1149474,15
1012255,14
1150427,11
1159804,3
1162717,5
1030707,14
1033774,12
1161177,12
1026596,21
1166428,12
1166462,5
1125655,6
1166108,6
1107696,13
201507,11
1156844,8
107043,8
1145502,12
1156950,7
1153281,5
1013387,21
1152592,11
1033212,15
1103830,10
1166204,15
1074685,7
1163940,8
1126090,12
1058865,13
1156585,13
1132637,9
1145386,10
1154612,7
103137,15
1166844,2
1100989,6
1145687,5
1056111,13
1149776,15
1089759,13
1037832,12
1166259,5
1145412,6
1164188,7
1156851,8
1081740,14
1110552,9
1162262,3
223287,12
1167083,7
1094307,10
1153610,5
1145366,13
1157945,4
1152588,7
179324,6
1099016,5
1053253,11
1156623,7
1057102,13
1138411,9
1156837,7
1145399,8
1097800,15
1137677,13
1060888,15
1167057,2
1148495,7
1125493,8
1020868,7
1036280,6
1153124,5
1097649,15
1108704,5
1166843,7
1166390,6
1157577,4
1158241,4
1090003,10
1125441,10
1145331,9
1154870,5
1079332,7
1116161,14
1108716,9
223290,10
1163798,10
1153336,9
1166472,11
1108084,5
1158006,8
112325,6
1013934,21
1058843,15
1100064,12
1122871,6
1162723,9
1087535,8
1118306,8
1154780,13
1162010,3
112799,12
1149634,14
1150606,15
1166164,6
1138416,11
1097834,7
1053182,8
1165743,9
1156811,4
1105291,15
111932,12
1152885,10
1063531,7
1157535,12
1026584,5
1148529,10
1090403,14
1145629,6
1097886,5
1033380,5
151242,12
1162629,7
1106340,6
1145581,6
1164000,3
108605,11
103167,9
1107024,7
1160889,7
1086460,13
1144562,6
1023430,21
1074743,15
1162340,6
1036495,10
1163982,5
1124625,8
1161208,15
1107018,7
1153328,15
1132660,13
1105125,15
1029396,9
1165572,12
1158245,4
1149240,11
1162656,3
1154389,5
1105518,12
1148489,8
1090059,15
116605,12
1165470,6
1148985,6
1114194,7
1162222,5
1156594,9
1161520,7
1034074,12
1045126,9
1164133,3
1021835,11
1149942,7
1161540,12
1165529,8
1045708,14
1145646,6
1013676,21
1148514,6
1157981,4
1149923,8
1106781,8
1084618,8
1118539,12
1019955,7
1086601,14
1153880,5
1054374,20
1165589,12
1166180,11
1107013,10
1149160,6
1126143,9
179304,7
1106701,5
1164122,3
1107502,11
1011668,13
1126154,8
1023218,21
1145445,12
1081052,15
1089247,13
1036696,6
1014174,21
1116098,14
1154584,10
1166849,2
1027325,10
1166421,11
1021691,10
102831,11
1153381,13
1106707,10
1074752,10
1021620,7
1153084,5
1165564,14
1028532,9
1113413,10
1148536,5
1089878,7
1124672,12
1105252,11
1137921,6
1145383,11
1162351,13
1107711,7
1160748,7
1013611,21
1122434,11
1138426,9
1153156,7
1125642,7
103096,15
1163947,6
1011051,5
1163960,12
1154413,11
1161175,15
1160907,6
1060719,19
1160821,15
1153288,9
1026739,7
1116373,8
1139430,9
1162347,6
1162421,13
1148494,11
1103832,10
1156639,13
201476,12
1125414,12
1105624,8
1053270,6
1161536,11
1165750,10
1052824,11
151244,13
1164464,5
1140331,14
1078690,11
1153476,15
1098009,14
1165755,11
1112531,11
1154390,5
1154395,8
1145391,9
1161191,13
1107076,14
1150679,5
1164078,13
1158034,11
103070,8
223273,11
1107999,14
1154871,14
1164005,3
1107991,14
1152371,12
1148560,11
1167013,2
1161220,9
1161184,14
1098034,11
1166492,14
151182,6
1145485,13
1021713,13
1124537,13
1145327,10
1156916,9
1013979,6
1153609,5
1022856,21
1132676,13
1161532,8
1154626,7
1166114,8
1036471,5
1091667,11
112127,8
1161526,3
1149175,6
1083106,10
1166559,8
1013257,21
1106829,13
1166931,8
1014400,9
1025962,10
1011039,11
1149979,10
1150524,8
180757,8
1164125,3
1165560,11
1036284,10
1129400,7
116329,13
1156845,13
1161080,8
1083219,13
123422,16
1167071,2
1156576,10
1027426,13
1080554,11
1089735,11
1164721,14
1086576,14
1088947,10
1161672,3
1145770,6
1149153,6
1097650,9
1011030,13
1089517,8
103243,5
1164482,2
1023332,13
1152600,5
1163941,3
1115757,12
1013940,13
1156815,4
1052082,11
1011160,10
1140326,8
1161118,8
1145631,9
1163997,3
201206,15
1148538,5
1013851,21
1165471,6
1059826,9
109596,15
1166273,13
1068088,9
1013269,21
1094357,10
1162712,11
1145688,14
1005521,22
1123047,5
1078198,11
1027212,6
1152363,12
1161246,7
1097708,6
1166483,2
1013639,21
1097710,7
1161657,3
1106795,10
1150598,7
1164621,6
1161261,8
1166395,7
1068413,10
1164004,7
1162425,13
1166404,7
1116042,8
1107723,13
1149221,10
1072939,13
1094462,5
1105535,12
1145601,14
1014156,21
1020834,13
1116051,5
1163597,9
1083214,10
1057534,8
1094086,10
1124621,14
1119508,11
1163799,5
1152808,13
109473,6
1162216,13
1087966,13
1125484,8
1022849,5
1028545,21
1162733,15
1019645,10
1110743,5
1164111,3
1156910,6
1011147,15
1037220,10
1011244,13
1145689,11
1166307,8
1145583,5
1027135,5
1156767,8
1164124,3
1167086,14
1105848,13
1149260,9
1149761,6
1167212,9
1074691,13
1156829,11
1145741,6
1063812,19
1123104,10
1149751,6
1027290,14
1013348,21
1125755,6
1111972,15
1157520,4
1148497,15
1125386,11
1145598,12
1094315,15
1125779,7
1123067,14
1084621,9
1145707,6
1157586,14
110801,14
1163915,3
1156699,10
1162424,7
1153130,13
1161711,10
1013539,21
1105553,13
1150638,12
1145534,14
1161237,11
109609,11
1104816,8
1125430,5
1036277,10
1107685,9
1163948,5
102507,8
1145193,10
1156832,10
1166224,8
1125787,8
1059804,5
1164136,3
1071948,18
1162608,3
1158235,11
1026607,12
1164062,13
1164056,3
1157525,8
1101552,5
1166193,15
1160976,5
1145214,7
1145247,13
116724,12
1148526,12
109720,10
1164189,3
1156902,5
1162342,3
1162429,10
1164484,2
1153857,15
1097952,6
1013106,21
1037232,13
1169474,8
1156847,4
1149245,13
1162012,3
1049844,7
1166791,2
1082769,9
1091690,12
1164730,13
1088739,13
1083654,8
1162000,9
174389,9
1161940,3
1162437,3
1023213,21
116824,12
1166355,5
1163906,3
1026561,12
1165555,5
1145321,9
1145708,6
1043194,12
1023459,9
1161968,11
1125446,15
1123046,10
1150393,9
1153134,5
1166315,2
1103228,13
1145462,5
1166196,10
1145396,12
1162349,5
1164201,11
1086092,5
1068414,8
1161719,3
109479,17
1166491,2
1153122,5
1145579,12
1074698,11
1145634,15
1153287,8
1162286,3
1027034,10
1149105,11
1107732,10
1145499,5
1056727,15
1161134,12
1125411,10
1108687,10
1011185,7
1164476,2
1123092,10
1158105,6
1013481,21
1161183,12
1021566,5
1086834,14
1145244,9
1125776,15
1149472,12
1087042,8
1030395,21
1149775,14
1023154,21
112751,14
1125672,10
1021382,12
1153470,14
1059683,7
1126285,12
1055031,13
1162353,5
1165860,2
1145761,6
1111969,6
1163966,3
1081801,8
1093319,7
1083245,15
1148510,15
1149920,7
1089232,8
1165545,5
122194,7
1037830,10
1164617,15
1165563,10
1157961,4
1020359,11
1165588,11
1046241,9
1149161,6
1163918,5
1011581,6
1013714,21
1013801,21
1107737,9
1108688,15
1160750,11
1013224,21
1118881,8
1149235,7
1019674,12
1163968,3
1010832,14
1154743,6
1162364,10
1166565,2
1033775,10
1086103,12
1158010,10
1152388,14
1083476,8
1122885,9
1148554,8
1162249,3
1107700,15
1021812,21
1033213,8
1020396,13
1105647,10
1086937,7
1149177,6
1070497,6
1166973,12
1166394,14
1116101,11
1164117,3
1011752,5
1094393,15
1162690,3
1145732,6
1021754,15
1161727,8
1111504,14
1110303,9
1153379,14
1012228,10
1087174,6
1165472,7
1161951,3
1156812,4
1154449,6
1124634,15
1107987,13
1097972,6
1161544,5
1153603,5
1156643,14
1166406,9
155996,6
1107695,13
1107503,9
1013401,21
107363,9
1094463,15
1158039,14
1014160,21
1163917,3
116711,11
1164734,2
1164755,13
1159765,12
1022167,9
1161998,12
1152597,8
1156578,6
1154579,11
1058418,9
1166048,2
1116196,14
1150435,14
1163971,6
1163965,3
1162283,3
1132685,13
1164744,2
1154468,12
1154414,8
152304,10
1165477,14
1148504,14
1162440,3
1079273,14
1166932,9
1013236,21
1161148,11
116798,15
1078695,12
1125492,7
1164018,7
1095604,8
1125380,9
1166433,9
1023424,21
1059809,14
1021448,9
1149626,7
1166414,11
1125774,8
1157532,4
1142842,14
1154461,5
1115789,15
1158038,15
1118586,15
1054678,7
101986,15
1086969,6
1165754,12
1014145,21
1026482,5
1014068,12
1145322,13
1164783,10
1166911,6
1054366,6
1157944,4
1097782,8
1057960,15
1105526,9
1105542,7
1149184,6
1162352,6
1113443,15
1083318,6
1156834,4
1107508,13
1108714,12
1150026,6
106712,14
1145635,14
1100077,9
1162007,3
1051398,20
1097438,14
1166241,6
1154393,11
1158057,4
1029409,9
1150592,11
1165530,6
1086968,7
1154487,7
1105555,13
1125410,8
1118450,15
1132741,14
1148523,8
1161120,6
1020383,7
1116199,8
